"DATE","CITY_COUNT_FULLY_CUMULATIVE","CITY_COUNT_1PLUS_CUMULATIVE","CITY_PERC_FULLY","CITY_PERC_1PLUS","BK_COUNT_FULLY_CUMULATIVE","BK_COUNT_1PLUS_CUMULATIVE","BK_PERC_FULLY","BK_PERC_1PLUS","BX_COUNT_FULLY_CUMULATIVE","BX_COUNT_1PLUS_CUMULATIVE","BX_PERC_FULLY","BX_PERC_1PLUS","MH_COUNT_FULLY_CUMULATIVE","MH_COUNT_1PLUS_CUMULATIVE","MH_PERC_FULLY","MH_PERC_1PLUS","QS_COUNT_FULLY_CUMULATIVE","QS_COUNT_1PLUS_CUMULATIVE","QS_PERC_FULLY","QS_PERC_1PLUS","SI_COUNT_FULLY_CUMULATIVE","SI_COUNT_1PLUS_CUMULATIVE","SI_PERC_FULLY","SI_PERC_1PLUS"
2020-12-14,13,96,0,0,"<10",30,0,0,"<10","<10",0,0,"<10",45,0,0,"<10",11,0,0,"<10","<10",0,0
2020-12-15,36,1663,0,0.02,"14",481,0,0.02,"<10","110",0,0.01,"<10",664,0,0.04,"<10",285,0,0.01,"<10","123",0,0.03
2020-12-16,61,5134,0,0.06,"23",1319,0,0.05,"<10","363",0,0.03,"17",2106,0,0.13,"<10",969,0,0.04,"<10","377",0,0.08
2020-12-17,87,8980,0,0.11,"32",2325,0,0.09,"<10","599",0,0.04,"28",3563,0,0.22,"13",1844,0,0.08,"<10","649",0,0.14
2020-12-18,130,13717,0,0.16,"50",3659,0,0.14,"10","969",0,0.07,"39",5180,0,0.32,"21",2910,0,0.13,"10","999",0,0.21
2020-12-19,140,15114,0,0.18,"53",4004,0,0.16,"10","1064",0,0.08,"42",5692,0,0.35,"23",3237,0,0.14,"12","1117",0,0.23
2020-12-20,146,15961,0,0.19,"57",4204,0,0.16,"11","1119",0,0.08,"43",5972,0,0.37,"23",3447,0,0.15,"12","1219",0,0.26
2020-12-21,172,21351,0,0.26,"69",5279,0,0.21,"13","1825",0,0.13,"48",7735,0,0.47,"27",4520,0,0.2,"15","1992",0,0.42
2020-12-22,208,29212,0,0.35,"83",6941,0,0.27,"18","2844",0,0.2,"61",10473,0,0.64,"30",6279,0,0.28,"16","2675",0,0.56
2020-12-23,254,40274,0,0.48,"95",9088,0,0.36,"24","4151",0,0.29,"71",14155,0,0.87,"44",9533,0,0.42,"20","3347",0,0.7
2020-12-24,282,45847,0,0.55,"97",10451,0,0.41,"28","4837",0,0.34,"84",15976,0.01,0.98,"49",11018,0,0.49,"24","3565",0.01,0.75
2020-12-25,283,46048,0,0.55,"97",10547,0,0.41,"28","4847",0,0.34,"84",16007,0.01,0.98,"50",11080,0,0.49,"24","3567",0.01,0.75
2020-12-26,321,49073,0,0.59,"103",11117,0,0.43,"31","5112",0,0.36,"101",17113,0.01,1.05,"60",11954,0,0.53,"26","3777",0.01,0.79
2020-12-27,334,51601,0,0.62,"105",11620,0,0.45,"32","5321",0,0.38,"103",17938,0.01,1.1,"67",12795,0,0.57,"27","3927",0.01,0.82
2020-12-28,401,60160,0,0.72,"121",13489,0,0.53,"38","6377",0,0.45,"123",20538,0.01,1.26,"86",15309,0,0.68,"33","4447",0.01,0.93
2020-12-29,463,69025,0.01,0.83,"139",15222,0.01,0.59,"42","7979",0,0.56,"142",22762,0.01,1.4,"107",17961,0,0.8,"33","5101",0.01,1.07
2020-12-30,535,79272,0.01,0.95,"163",17440,0.01,0.68,"47","9550",0,0.67,"159",25413,0.01,1.56,"130",21102,0.01,0.94,"36","5767",0.01,1.21
2020-12-31,572,85231,0.01,1.02,"171",18787,0.01,0.73,"57","10788",0,0.76,"167",27025,0.01,1.66,"138",22589,0.01,1,"39","6042",0.01,1.27
2021-01-01,633,85861,0.01,1.03,"177",18880,0.01,0.74,"63","10834",0,0.76,"184",27140,0.01,1.67,"167",22915,0.01,1.02,"42","6092",0.01,1.28
2021-01-02,656,88783,0.01,1.06,"181",19498,0.01,0.76,"67","11106",0,0.78,"190",28186,0.01,1.73,"174",23721,0.01,1.05,"44","6272",0.01,1.32
2021-01-03,692,91577,0.01,1.1,"193",20083,0.01,0.78,"70","11487",0,0.81,"198",29080,0.01,1.79,"184",24430,0.01,1.08,"47","6497",0.01,1.36
2021-01-04,1351,101700,0.02,1.22,"344",22635,0.01,0.88,"107","13061",0.01,0.92,"495",31587,0.03,1.94,"277",27359,0.01,1.21,"128","7058",0.03,1.48
2021-01-05,3056,113510,0.04,1.36,"712",25419,0.03,0.99,"252","14896",0.02,1.05,"1239",34507,0.08,2.12,"572",30918,0.03,1.37,"281","7770",0.06,1.63
2021-01-06,6068,128262,0.07,1.54,"1400",28934,0.05,1.13,"474","18028",0.03,1.27,"2534",38068,0.16,2.34,"1206",34407,0.05,1.53,"454","8825",0.1,1.85
2021-01-07,10253,142361,0.12,1.71,"2621",31926,0.1,1.25,"754","20460",0.05,1.44,"4046",41707,0.25,2.56,"2083",38645,0.09,1.71,"749","9623",0.16,2.02
2021-01-08,14670,156165,0.18,1.87,"3718",34802,0.15,1.36,"1141","22803",0.08,1.61,"5664",45455,0.35,2.79,"3102",42622,0.14,1.89,"1045","10483",0.22,2.2
2021-01-09,15828,162886,0.19,1.95,"4017",36399,0.16,1.42,"1237","23510",0.09,1.66,"6019",47696,0.37,2.93,"3396",44302,0.15,1.97,"1159","10979",0.24,2.31
2021-01-10,16640,169492,0.2,2.03,"4207",37966,0.16,1.48,"1287","24217",0.09,1.71,"6295",49086,0.39,3.01,"3629",46955,0.16,2.08,"1222","11268",0.26,2.37
2021-01-11,22748,189437,0.27,2.27,"5298",42622,0.21,1.66,"2025","26842",0.14,1.89,"8379",55311,0.51,3.4,"5051",51481,0.22,2.28,"1995","13181",0.42,2.77
2021-01-12,29123,212024,0.35,2.54,"6612",48693,0.26,1.9,"2841","29518",0.2,2.08,"10545",61688,0.65,3.79,"6527",57192,0.29,2.54,"2598","14933",0.55,3.14
2021-01-13,36540,237639,0.44,2.85,"7885",55419,0.31,2.16,"3910","32772",0.28,2.31,"13026",69088,0.8,4.24,"8614",63535,0.38,2.82,"3105","16825",0.65,3.53
2021-01-14,40628,265877,0.49,3.19,"8781",62502,0.34,2.44,"4396","35965",0.31,2.54,"14438",77744,0.89,4.77,"9741",70744,0.43,3.14,"3272","18922",0.69,3.97
2021-01-15,43479,288858,0.52,3.46,"9306",67396,0.36,2.63,"4830","39563",0.34,2.79,"15471",84775,0.95,5.21,"10502",76721,0.47,3.4,"3370","20403",0.71,4.29
2021-01-16,45144,312625,0.54,3.75,"9557",72852,0.37,2.85,"4993","42250",0.35,2.98,"16063",91730,0.99,5.63,"11104",82572,0.49,3.66,"3427","23221",0.72,4.88
2021-01-17,46223,330751,0.55,3.97,"9741",77507,0.38,3.03,"5039","43827",0.36,3.09,"16432",96992,1.01,5.96,"11555",87177,0.51,3.87,"3456","25248",0.73,5.3
2021-01-18,48513,352677,0.58,4.23,"10196",83264,0.4,3.25,"5311","45887",0.37,3.24,"17039",102990,1.05,6.32,"12353",92915,0.55,4.12,"3614","27621",0.76,5.8
2021-01-19,56383,379272,0.68,4.55,"11700",89489,0.46,3.5,"6899","49072",0.49,3.46,"19006",110429,1.17,6.78,"14725",99804,0.65,4.43,"4053","30478",0.85,6.4
2021-01-20,63828,407163,0.77,4.88,"13410",95862,0.52,3.74,"8057","52096",0.57,3.67,"20978",118993,1.29,7.31,"16886",106890,0.75,4.74,"4497","33322",0.94,7
2021-01-21,69911,427311,0.84,5.13,"14967",100266,0.58,3.92,"9125","54742",0.64,3.86,"22664",125815,1.39,7.72,"18378",111714,0.82,4.96,"4777","34774",1,7.3
2021-01-22,73257,446848,0.88,5.36,"15922",104308,0.62,4.07,"9584","57336",0.68,4.04,"23633",132457,1.45,8.13,"19184",116520,0.85,5.17,"4934","36227",1.04,7.61
2021-01-23,75647,458972,0.91,5.51,"16299",106727,0.64,4.17,"9845","59052",0.69,4.16,"24698",136735,1.52,8.4,"19704",119371,0.87,5.3,"5101","37087",1.07,7.79
2021-01-24,78176,464152,0.94,5.57,"16937",107924,0.66,4.22,"10036","59381",0.71,4.19,"25626",138383,1.57,8.5,"20258",120973,0.9,5.37,"5319","37491",1.12,7.87
2021-01-25,87433,475328,1.05,5.7,"19179",110859,0.75,4.33,"11435","60961",0.81,4.3,"28195",141424,1.73,8.68,"22794",123865,1.01,5.5,"5830","38219",1.22,8.03
2021-01-26,95990,488801,1.15,5.86,"21109",114381,0.82,4.47,"12622","62741",0.89,4.42,"30384",145703,1.87,8.95,"25595",126924,1.14,5.63,"6280","39052",1.32,8.2
2021-01-27,105986,505637,1.27,6.07,"23452",118614,0.92,4.63,"14771","65079",1.04,4.59,"32851",150775,2.02,9.26,"27975",130830,1.24,5.8,"6937","40339",1.46,8.47
2021-01-28,115706,531074,1.39,6.37,"25394",124412,0.99,4.86,"16201","68639",1.14,4.84,"35626",157459,2.19,9.67,"31100",137736,1.38,6.11,"7385","42828",1.55,8.99
2021-01-29,124439,556880,1.49,6.68,"27142",130839,1.06,5.11,"17420","71923",1.23,5.07,"38058",164655,2.34,10.11,"34054",144534,1.51,6.41,"7765","44929",1.63,9.44
2021-01-30,127741,572437,1.53,6.87,"28038",133997,1.1,5.23,"17830","74737",1.26,5.27,"38891",169336,2.39,10.4,"34958",148535,1.55,6.59,"8024","45832",1.69,9.63
2021-01-31,130369,583188,1.56,7,"28675",136773,1.12,5.34,"18216","76205",1.28,5.37,"39458",171872,2.42,10.55,"35747",151448,1.59,6.72,"8273","46890",1.74,9.85
2021-02-01,135455,584931,1.62,7.02,"29551",137225,1.15,5.36,"18957","76466",1.34,5.39,"41266",172324,2.53,10.58,"36859",151916,1.64,6.74,"8822","47000",1.85,9.87
2021-02-02,143924,587881,1.73,7.05,"31265",137952,1.22,5.39,"20274","77004",1.43,5.43,"43935",173097,2.7,10.63,"38773",152703,1.72,6.78,"9677","47125",2.03,9.9
2021-02-03,161566,601626,1.94,7.22,"35576",141483,1.39,5.53,"22626","79116",1.6,5.58,"49109",176961,3.02,10.87,"43020",156259,1.91,6.93,"11235","47807",2.36,10.04
2021-02-04,178024,625313,2.14,7.5,"39572",147489,1.55,5.76,"24953","82480",1.76,5.82,"53991",183250,3.31,11.25,"46858",162654,2.08,7.22,"12650","49440",2.66,10.38
2021-02-05,194399,649767,2.33,7.79,"43471",153197,1.7,5.98,"27333","86721",1.93,6.11,"58994",189416,3.62,11.63,"50556",169489,2.24,7.52,"14045","50944",2.95,10.7
2021-02-06,203348,670480,2.44,8.04,"45351",157618,1.77,6.16,"28655","91466",2.02,6.45,"61837",193269,3.8,11.87,"52699",175227,2.34,7.77,"14806","52900",3.11,11.11
2021-02-07,209693,681178,2.52,8.17,"46776",160167,1.83,6.26,"29371","93588",2.07,6.6,"63715",195459,3.91,12,"54779",178158,2.43,7.9,"15052","53806",3.16,11.3
2021-02-08,228120,696050,2.74,8.35,"51496",163343,2.01,6.38,"31593","97403",2.23,6.87,"69501",198392,4.27,12.18,"58979",181907,2.62,8.07,"16551","55005",3.48,11.55
2021-02-09,249765,711197,3,8.53,"56913",166644,2.22,6.51,"34212","100873",2.41,7.11,"75960",202253,4.66,12.42,"64562",185338,2.86,8.22,"18118","56089",3.81,11.78
2021-02-10,272563,728169,3.27,8.73,"62004",170471,2.42,6.66,"37050","104896",2.61,7.4,"83228",206144,5.11,12.66,"70501",189860,3.13,8.42,"19780","56798",4.15,11.93
2021-02-11,298207,752979,3.58,9.03,"67444",176806,2.63,6.91,"40214","108878",2.84,7.68,"91722",211250,5.63,12.97,"77170",197188,3.42,8.75,"21657","58857",4.55,12.36
2021-02-12,321822,785844,3.86,9.43,"72099",185246,2.82,7.24,"43297","113301",3.05,7.99,"100337",218925,6.16,13.44,"82964",207252,3.68,9.2,"23125","61120",4.86,12.84
2021-02-13,340895,809177,4.09,9.71,"76006",191083,2.97,7.46,"45623","116072",3.22,8.18,"107205",224131,6.58,13.76,"87545",215242,3.88,9.55,"24516","62649",5.15,13.16
2021-02-14,359523,823024,4.31,9.87,"80634",194790,3.15,7.61,"47244","118348",3.33,8.34,"112146",226932,6.89,13.93,"92792",219430,4.12,9.74,"26707","63524",5.61,13.34
2021-02-15,368049,834081,4.41,10,"83121",197538,3.25,7.72,"48152","120043",3.4,8.46,"114559",229870,7.03,14.11,"95029",222511,4.22,9.87,"27188","64119",5.71,13.47
2021-02-16,388780,846143,4.66,10.15,"87675",200190,3.42,7.82,"50876","122474",3.59,8.64,"122054",233525,7.49,14.34,"99576",225247,4.42,9.99,"28599","64707",6.01,13.59
2021-02-17,406130,859355,4.87,10.31,"91956",203115,3.59,7.93,"53356","124952",3.76,8.81,"127477",237614,7.83,14.59,"103421",228361,4.59,10.13,"29920","65313",6.28,13.72
2021-02-18,426769,869605,5.12,10.43,"96758",205396,3.78,8.02,"56217","126947",3.96,8.95,"133615",240866,8.2,14.79,"108817",230641,4.83,10.23,"31362","65755",6.59,13.81
2021-02-19,446223,880503,5.35,10.56,"101186",207958,3.95,8.12,"58762","128977",4.14,9.09,"139738",243942,8.58,14.98,"114174",233134,5.07,10.34,"32363","66492",6.8,13.96
2021-02-20,467262,890036,5.6,10.68,"105812",210115,4.13,8.21,"61579","130784",4.34,9.22,"145579",246489,8.94,15.13,"119487",235276,5.3,10.44,"34805","67372",7.31,14.15
2021-02-21,481042,895055,5.77,10.74,"109337",211280,4.27,8.25,"62990","131914",4.44,9.3,"148702",247637,9.13,15.2,"123264",236550,5.47,10.5,"36749","67674",7.72,14.21
2021-02-22,491242,905800,5.89,10.87,"112120",213831,4.38,8.35,"64607","133792",4.56,9.43,"151191",250659,9.28,15.39,"125498",239409,5.57,10.62,"37826","68109",7.94,14.3
2021-02-23,503555,927043,6.04,11.12,"115942",218682,4.53,8.54,"66228","136971",4.67,9.66,"154299",257136,9.47,15.79,"128520",245243,5.7,10.88,"38566","69011",8.1,14.49
2021-02-24,520934,958529,6.25,11.5,"120465",227697,4.71,8.89,"68989","140778",4.86,9.93,"158945",264136,9.76,16.22,"132873",255371,5.9,11.33,"39662","70547",8.33,14.82
2021-02-25,546459,1006333,6.55,12.07,"126800",240422,4.95,9.39,"72385","145438",5.1,10.26,"165646",275677,10.17,16.93,"139915",270855,6.21,12.02,"41713","73941",8.76,15.53
2021-02-26,573444,1060367,6.88,12.72,"133052",255006,5.2,9.96,"76873","151393",5.42,10.67,"172959",289550,10.62,17.78,"146867",286972,6.52,12.73,"43693","77446",9.18,16.27
2021-02-27,593261,1104756,7.12,13.25,"137187",266802,5.36,10.42,"81421","156768",5.74,11.05,"176972",299945,10.87,18.42,"152451",301081,6.76,13.36,"45230","80160",9.5,16.84
2021-02-28,605547,1143162,7.26,13.71,"140044",277167,5.47,10.83,"83917","160378",5.92,11.31,"179423",308074,11.02,18.92,"155936",314379,6.92,13.95,"46227","83164",9.71,17.47
2021-03-01,617514,1177574,7.41,14.12,"142659",286417,5.57,11.19,"87379","164892",6.16,11.63,"181859",316747,11.17,19.45,"158431",324644,7.03,14.4,"47186","84874",9.91,17.83
2021-03-02,629012,1216688,7.54,14.59,"145321",296519,5.68,11.58,"90286","170088",6.37,11.99,"184556",327242,11.33,20.09,"160619",335820,7.13,14.9,"48230","87019",10.13,18.28
2021-03-03,643379,1257633,7.72,15.09,"148985",306979,5.82,11.99,"93823","175026",6.62,12.34,"187586",337704,11.52,20.73,"164030",348588,7.28,15.47,"48955","89336",10.28,18.76
2021-03-04,665128,1308623,7.98,15.7,"154410",319377,6.03,12.48,"98517","181548",6.95,12.8,"191907",350922,11.78,21.55,"169851",363766,7.54,16.14,"50443","93010",10.59,19.53
2021-03-05,689501,1361599,8.27,16.33,"160112",331984,6.25,12.97,"103917","189141",7.33,13.34,"196721",364602,12.08,22.39,"176889",379514,7.85,16.84,"51862","96358",10.89,20.24
2021-03-06,710212,1404836,8.52,16.85,"164647",342474,6.43,13.38,"108388","195216",7.64,13.76,"200911",375758,12.34,23.07,"182955",392783,8.12,17.43,"53311","98605",11.2,20.71
2021-03-07,727671,1438342,8.73,17.25,"168610",351093,6.59,13.72,"111943","199162",7.89,14.04,"204823",383588,12.58,23.55,"187713",403954,8.33,17.92,"54582","100545",11.46,21.12
2021-03-08,746325,1477346,8.95,17.72,"172410",360931,6.74,14.1,"116591","205674",8.22,14.5,"209652",393538,12.87,24.16,"191764",415367,8.51,18.43,"55908","101836",11.74,21.39
2021-03-09,763884,1518028,9.16,18.21,"175805",371960,6.87,14.53,"121216","212088",8.55,14.95,"214427",404296,13.17,24.82,"195359",426350,8.67,18.92,"57077","103334",11.99,21.7
2021-03-10,781962,1568714,9.38,18.82,"179130",385940,7,15.08,"126058","219876",8.89,15.5,"219606",416503,13.48,25.57,"199484",440677,8.85,19.55,"57684","105718",12.11,22.2
2021-03-11,806209,1627372,9.67,19.52,"185061",401901,7.23,15.7,"130774","228118",9.22,16.08,"225149",430541,13.82,26.43,"205825",457501,9.13,20.3,"59400","109311",12.48,22.96
2021-03-12,836478,1679137,10.03,20.14,"192559",416227,7.52,16.26,"135159","235863",9.53,16.63,"233102",442139,14.31,27.15,"214308",472698,9.51,20.97,"61350","112210",12.88,23.57
2021-03-13,863297,1719992,10.36,20.63,"198756",427367,7.76,16.69,"138344","240758",9.75,16.98,"240135",451277,14.74,27.71,"222518",486008,9.87,21.56,"63544","114582",13.35,24.06
2021-03-14,880565,1751355,10.56,21.01,"203353",436360,7.94,17.05,"140121","243577",9.88,17.17,"244264",457471,15,28.09,"228227",497121,10.13,22.06,"64600","116826",13.57,24.54
2021-03-15,900213,1786300,10.8,21.43,"207955",446758,8.12,17.45,"142912","248201",10.08,17.5,"249762",465074,15.33,28.55,"233718",508016,10.37,22.54,"65866","118251",13.83,24.84
2021-03-16,923020,1825857,11.07,21.9,"213158",459390,8.33,17.95,"146691","253537",10.34,17.88,"256565",473547,15.75,29.08,"239427",519892,10.62,23.07,"67179","119491",14.11,25.1
2021-03-17,949309,1867748,11.39,22.4,"220622",470997,8.62,18.4,"150707","259629",10.63,18.31,"262542",484419,16.12,29.74,"247519",531302,10.98,23.57,"67919","121401",14.26,25.5
2021-03-18,978612,1917772,11.74,23,"228900",485040,8.94,18.95,"155014","266265",10.93,18.77,"268900",497034,16.51,30.52,"256767",545213,11.39,24.19,"69031","124220",14.5,26.09
2021-03-19,1010855,1966205,12.13,23.58,"237835",498710,9.29,19.48,"160126","273060",11.29,19.25,"276377",508969,16.97,31.25,"266176",557904,11.81,24.75,"70341","127562",14.77,26.79
2021-03-20,1038661,2005801,12.46,24.06,"245086",509284,9.57,19.89,"164005","278690",11.56,19.65,"283029",518598,17.38,31.84,"275286",569213,12.21,25.26,"71255","130016",14.97,27.31
2021-03-21,1057415,2033326,12.68,24.39,"250552",516638,9.79,20.18,"165884","281719",11.7,19.86,"286062",525490,17.56,32.26,"282937",577964,12.55,25.64,"71980","131515",15.12,27.62
2021-03-22,1085327,2068263,13.02,24.81,"258950",526584,10.12,20.57,"170248","286029",12,20.17,"292464",535334,17.96,32.87,"290767",587212,12.9,26.05,"72898","133104",15.31,27.95
2021-03-23,1119130,2108066,13.42,25.29,"268149",538361,10.47,21.03,"175382","291102",12.37,20.53,"301150",546086,18.49,33.53,"300300",597825,13.32,26.52,"74149","134692",15.57,28.29
2021-03-24,1157347,2150979,13.88,25.8,"278059",550356,10.86,21.5,"180643","297654",12.74,20.99,"310545",557264,19.07,34.22,"311869",609447,13.84,27.04,"76231","136258",16.01,28.62
2021-03-25,1207154,2196093,14.48,26.34,"291034",562276,11.37,21.96,"186226","303900",13.13,21.43,"323702",569227,19.87,34.95,"326639",621905,14.49,27.59,"79553","138785",16.71,29.15
2021-03-26,1260151,2235949,15.12,26.82,"304643",572814,11.9,22.38,"191985","309737",13.54,21.84,"338331",578344,20.77,35.51,"342454",634052,15.19,28.13,"82738","141002",17.38,29.61
2021-03-27,1304133,2272552,15.64,27.26,"315854",583031,12.34,22.78,"197610","314829",13.93,22.2,"349031",587004,21.43,36.04,"356317",644803,15.81,28.61,"85321","142885",17.92,30.01
2021-03-28,1336640,2298718,16.03,27.57,"324353",590342,12.67,23.06,"200884","318298",14.16,22.44,"356229",592794,21.87,36.4,"367903",653275,16.32,28.98,"87271","144009",18.33,30.24
2021-03-29,1374994,2334570,16.49,28,"334329",599725,13.06,23.43,"206155","324035",14.54,22.85,"365863",601297,22.46,36.92,"379888",663425,16.86,29.44,"88759","146088",18.64,30.68
2021-03-30,1416612,2376520,16.99,28.51,"346294",611908,13.53,23.9,"211605","330125",14.92,23.28,"376552",611468,23.12,37.54,"391608",675370,17.38,29.97,"90553","147649",19.02,31.01
2021-03-31,1463734,2429677,17.56,29.14,"359874",627419,14.06,24.51,"217327","336736",15.32,23.74,"387920",626416,23.82,38.46,"405570",689870,17.99,30.61,"93043","149236",19.54,31.34
2021-04-01,1523004,2489269,18.27,29.86,"375901",644997,14.68,25.2,"224527","344176",15.83,24.27,"402255",642225,24.7,39.43,"423227",706081,18.78,31.33,"97094","151790",20.39,31.88
2021-04-02,1582066,2542851,18.98,30.5,"391192",660336,15.28,25.8,"232669","350880",16.41,24.74,"416088",656154,25.55,40.29,"441824",721667,19.6,32.02,"100293","153814",21.06,32.3
2021-04-03,1627326,2589561,19.52,31.06,"403279",673671,15.75,26.32,"238159","356026",16.79,25.1,"425840",668338,26.15,41.03,"457197",735972,20.29,32.65,"102851","155554",21.6,32.67
2021-04-04,1655936,2619028,19.86,31.42,"411509",682221,16.08,26.65,"240253","358264",16.94,25.26,"431473",676299,26.49,41.52,"468180",745506,20.77,33.08,"104521","156738",21.95,32.92
2021-04-05,1699350,2670236,20.38,32.03,"424278",696749,16.57,27.22,"246248","364521",17.36,25.7,"441202",688926,27.09,42.3,"481495",760527,21.36,33.74,"106127","159513",22.29,33.5
2021-04-06,1746195,2735051,20.95,32.81,"438959",714878,17.15,27.93,"252020","371951",17.77,26.23,"451416",706431,27.72,43.37,"495786",778478,22,34.54,"108014","163313",22.69,34.3
2021-04-07,1797805,2803137,21.56,33.62,"453642",735278,17.72,28.72,"258615","379888",18.24,26.79,"464287",723724,28.51,44.44,"510305",798288,22.64,35.42,"110956","165959",23.3,34.85
2021-04-08,1856778,2876020,22.27,34.5,"469483",757205,18.34,29.58,"266210","388376",18.77,27.39,"479753",742116,29.46,45.56,"526297",818397,23.35,36.31,"115035","169926",24.16,35.69
2021-04-09,1917224,2948263,23,35.36,"485863",778180,18.98,30.4,"275080","397585",19.4,28.03,"494202",759761,30.34,46.65,"542695",838944,24.08,37.22,"119384","173793",25.07,36.5
2021-04-10,1961925,3007724,23.53,36.08,"496667",795036,19.4,31.06,"281159","404257",19.82,28.5,"505206",774562,31.02,47.56,"556937",857821,24.71,38.06,"121956","176048",25.61,36.97
2021-04-11,1995019,3050984,23.93,36.6,"504902",808002,19.72,31.56,"284949","408458",20.09,28.8,"513341",783906,31.52,48.13,"567691",872891,25.19,38.73,"124136","177727",26.07,37.33
2021-04-12,2037576,3108083,24.44,37.28,"516402",824379,20.17,32.2,"291494","416040",20.55,29.34,"524131",796834,32.18,48.92,"579707",890535,25.72,39.51,"125842","180295",26.43,37.87
2021-04-13,2069256,3158303,24.82,37.88,"526021",839407,20.55,32.79,"295838","422217",20.86,29.77,"532020",809984,32.67,49.73,"588164",904698,26.1,40.14,"127213","181997",26.72,38.22
2021-04-14,2105730,3206174,25.26,38.46,"535967",853641,20.94,33.35,"301033","427910",21.23,30.17,"541044",820872,33.22,50.4,"598484",920019,26.55,40.82,"129202","183732",27.14,38.59
2021-04-15,2145897,3256202,25.74,39.06,"547126",869071,21.37,33.95,"306599","433619",21.62,30.58,"550663",831484,33.81,51.05,"610324",935585,27.08,41.51,"131185","186443",27.55,39.16
2021-04-16,2184589,3305754,26.2,39.65,"557449",883856,21.78,34.53,"312377","440019",22.03,31.03,"559628",841793,34.36,51.68,"622247",951226,27.61,42.2,"132888","188860",27.91,39.66
2021-04-17,2217529,3348172,26.6,40.16,"565907",896365,22.11,35.02,"316502","444331",22.32,31.33,"566458",850006,34.78,52.19,"633008",966776,28.09,42.89,"135654","190694",28.49,40.05
2021-04-18,2244989,3375661,26.93,40.49,"573226",904875,22.39,35.35,"319557","446904",22.53,31.51,"571965",855093,35.12,52.5,"642567",976973,28.51,43.35,"137674","191816",28.91,40.29
2021-04-19,2279005,3412010,27.34,40.93,"582474",915946,22.75,35.78,"323526","451037",22.81,31.8,"581208",861869,35.69,52.92,"652359",989952,28.94,43.92,"139438","193206",29.28,40.58
2021-04-20,2316340,3451190,27.78,41.4,"592938",928070,23.16,36.25,"327922","455971",23.12,32.15,"591314",869986,36.31,53.42,"662883",1002649,29.41,44.49,"141283","194514",29.67,40.85
2021-04-21,2358911,3488287,28.3,41.84,"605721",938479,23.66,36.66,"332923","460735",23.47,32.49,"603466",877243,37.05,53.86,"673964",1015886,29.9,45.07,"142837","195944",30,41.15
2021-04-22,2404583,3524971,28.84,42.28,"618592",948593,24.16,37.06,"338030","466005",23.84,32.86,"616368",884735,37.84,54.32,"686244",1028186,30.45,45.62,"145349","197452",30.53,41.47
2021-04-23,2446261,3562758,29.34,42.74,"630400",959102,24.63,37.47,"342784","471837",24.17,33.27,"627435",891991,38.52,54.77,"698449",1041006,30.99,46.19,"147193","198822",30.91,41.76
2021-04-24,2486053,3593881,29.82,43.11,"641655",967340,25.07,37.79,"346940","475633",24.46,33.54,"638009",897638,39.17,55.11,"710272",1053220,31.51,46.73,"149177","200050",31.33,42.01
2021-04-25,2516185,3612019,30.18,43.33,"650302",971994,25.4,37.97,"349382","477642",24.64,33.68,"646099",900752,39.67,55.3,"719719",1060734,31.93,47.06,"150683","200897",31.65,42.19
2021-04-26,2556356,3639347,30.66,43.65,"661340",979462,25.83,38.26,"353748","481789",24.94,33.97,"657242",905306,40.35,55.58,"731506",1070814,32.46,47.51,"152520","201976",32.03,42.42
2021-04-27,2603636,3669000,31.23,44.01,"673964",987878,26.33,38.59,"358860","486609",25.3,34.31,"671136",910720,41.21,55.92,"744138",1080773,33.02,47.95,"155538","203020",32.67,42.64
2021-04-28,2660683,3697478,31.91,44.35,"690926",995504,26.99,38.89,"364669","491593",25.71,34.66,"685870",916194,42.11,56.25,"760855",1090126,33.76,48.37,"158363","204061",33.26,42.86
2021-04-29,2717546,3727475,32.6,44.71,"708202",1003669,27.67,39.21,"371014","496818",26.16,35.03,"700467",921479,43.01,56.58,"776780",1099926,34.46,48.8,"161083","205583",33.83,43.18
2021-04-30,2769871,3759040,33.22,45.09,"724122",1012135,28.29,39.54,"376589","502142",26.55,35.41,"713903",927240,43.83,56.93,"791936",1110592,35.14,49.28,"163321","206931",34.3,43.46
2021-05-01,2814111,3782441,33.76,45.37,"737107",1018310,28.79,39.78,"380070","505753",26.8,35.66,"725041",930945,44.52,57.16,"806914",1119534,35.8,49.67,"164979","207899",34.65,43.66
2021-05-02,2850383,3795346,34.19,45.53,"748322",1021605,29.23,39.91,"382290","507238",26.96,35.77,"733368",933270,45.03,57.3,"820017",1124633,36.38,49.9,"166386","208600",34.94,43.81
2021-05-03,2903329,3815502,34.83,45.77,"763353",1027131,29.82,40.12,"388281","510567",27.38,36,"746444",936605,45.83,57.51,"836271",1131822,37.1,50.22,"168980","209377",35.49,43.97
2021-05-04,2960770,3840135,35.51,46.06,"779826",1033913,30.46,40.39,"394375","514891",27.81,36.31,"761798",941176,46.77,57.79,"853039",1139821,37.85,50.57,"171732","210334",36.07,44.17
2021-05-05,3010225,3863561,36.11,46.34,"794399",1040725,31.03,40.65,"400282","518920",28.22,36.59,"773829",945222,47.51,58.04,"868494",1147421,38.53,50.91,"173221","211273",36.38,44.37
2021-05-06,3060827,3886426,36.71,46.62,"809779",1047219,31.63,40.91,"406228","522968",28.64,36.88,"785461",949480,48.23,58.3,"883950",1154550,39.22,51.23,"175409","212209",36.84,44.57
2021-05-07,3113925,3910039,37.35,46.9,"825261",1054040,32.24,41.17,"412869","527116",29.11,37.17,"797844",953916,48.99,58.57,"900401",1161629,39.95,51.54,"177550","213338",37.29,44.81
2021-05-08,3155931,3928215,37.86,47.12,"836985",1059034,32.7,41.37,"417789","529732",29.46,37.35,"806565",956992,49.52,58.76,"914941",1168318,40.59,51.84,"179651","214139",37.73,44.97
2021-05-09,3185372,3937313,38.21,47.23,"845605",1061646,33.03,41.47,"420604","530718",29.66,37.42,"812701",958701,49.9,58.86,"925533",1171784,41.06,51.99,"180929","214464",38,45.04
2021-05-10,3224935,3953793,38.68,47.43,"857569",1066455,33.5,41.66,"425368","533742",29.99,37.63,"820850",961278,50.4,59.02,"938323",1177141,41.63,52.23,"182825","215177",38.4,45.19
2021-05-11,3268905,3975766,39.21,47.69,"871139",1072862,34.03,41.91,"430962","537611",30.39,37.91,"830510",965239,50.99,59.26,"951653",1183942,42.22,52.53,"184641","216112",38.78,45.39
2021-05-12,3311101,3996643,39.72,47.94,"883335",1078647,34.51,42.14,"436402","541422",30.77,38.18,"839506",968967,51.54,59.49,"965779",1190500,42.85,52.82,"186079","217107",39.08,45.6
2021-05-13,3352723,4023916,40.22,48.27,"895403",1086302,34.98,42.44,"442019","545823",31.17,38.49,"848726",975446,52.11,59.89,"978543",1198035,43.42,53.15,"188032","218310",39.49,45.85
2021-05-14,3397086,4053414,40.75,48.62,"907912",1094052,35.47,42.74,"448621","550874",31.63,38.84,"857775",982367,52.67,60.32,"992655",1206684,44.04,53.54,"190123","219437",39.93,46.09
2021-05-15,3434038,4079393,41.19,48.93,"918448",1100803,35.88,43,"452837","554438",31.93,39.09,"864931",988031,53.11,60.66,"1005969",1215502,44.63,53.93,"191853","220619",40.29,46.33
2021-05-16,3455155,4096333,41.44,49.14,"924091",1104942,36.1,43.16,"455360","556493",32.11,39.24,"869026",992331,53.36,60.93,"1013760",1221205,44.98,54.18,"192918","221362",40.52,46.49
2021-05-17,3486536,4121413,41.82,49.44,"932430",1111526,36.42,43.42,"460040","561143",32.44,39.57,"874639",997541,53.7,61.25,"1024971",1228779,45.48,54.52,"194456","222424",40.84,46.71
2021-05-18,3520696,4148948,42.23,49.77,"942473",1119130,36.82,43.72,"465492","566314",32.82,39.93,"880902",1002952,54.09,61.58,"1035976",1236951,45.96,54.88,"195853","223601",41.13,46.96
2021-05-19,3552166,4175396,42.61,50.08,"951771",1126886,37.18,44.02,"470700","571221",33.19,40.28,"886707",1007470,54.44,61.86,"1045941",1245035,46.41,55.24,"197047","224784",41.38,47.21
2021-05-20,3584486,4201955,43,50.4,"960788",1134731,37.53,44.33,"476122","576205",33.57,40.63,"893027",1012040,54.83,62.14,"1056219",1252869,46.86,55.59,"198330","226110",41.65,47.49
2021-05-21,3618485,4229122,43.4,50.73,"970160",1142032,37.9,44.61,"481643","581314",33.96,40.99,"899268",1016695,55.21,62.42,"1067737",1261590,47.37,55.97,"199677","227491",41.94,47.78
2021-05-22,3644762,4251132,43.72,50.99,"977297",1147882,38.18,44.84,"485285","584573",34.22,41.22,"903892",1020385,55.5,62.65,"1077473",1269713,47.81,56.34,"200815","228579",42.18,48.01
2021-05-23,3659578,4263341,43.9,51.14,"981474",1151024,38.34,44.96,"486827","586064",34.33,41.32,"906600",1022545,55.66,62.78,"1083173",1274532,48.06,56.55,"201504","229176",42.32,48.13
2021-05-24,3684741,4284473,44.2,51.39,"988488",1156968,38.61,45.2,"491110","590105",34.63,41.61,"910654",1025827,55.91,62.98,"1092012",1281473,48.45,56.86,"202477","230100",42.52,48.33
2021-05-25,3710083,4306130,44.5,51.65,"995522",1163375,38.89,45.45,"495494","594329",34.94,41.91,"915263",1029237,56.2,63.19,"1100353",1288153,48.82,57.15,"203451","231036",42.73,48.52
2021-05-26,3733256,4327211,44.78,51.9,"1002011",1169358,39.14,45.68,"499552","598452",35.22,42.2,"919039",1032485,56.43,63.39,"1108348",1294791,49.18,57.45,"204306","232125",42.91,48.75
2021-05-27,3756322,4347750,45.06,52.15,"1008289",1175320,39.39,45.91,"503740","602381",35.52,42.47,"923291",1035860,56.69,63.6,"1115728",1301024,49.5,57.72,"205274","233165",43.11,48.97
2021-05-28,3781266,4367853,45.36,52.39,"1015042",1180555,39.65,46.12,"508072","606185",35.82,42.74,"928101",1039609,56.98,63.83,"1123598",1307387,49.85,58.01,"206453","234117",43.36,49.17
2021-05-29,3800222,4382033,45.58,52.56,"1019841",1184150,39.84,46.26,"510811","608352",36.02,42.9,"931297",1042063,57.18,63.98,"1130929",1312593,50.18,58.24,"207344","234875",43.55,49.33
2021-05-30,3810127,4389950,45.7,52.66,"1022527",1186187,39.94,46.34,"512048","609334",36.11,42.97,"933214",1043538,57.3,64.07,"1134501",1315552,50.34,58.37,"207837","235339",43.65,49.43
2021-05-31,3817892,4395502,45.8,52.72,"1024820",1187728,40.03,46.4,"513024","610082",36.17,43.02,"934488",1044485,57.38,64.13,"1137352",1317653,50.46,58.46,"208208","235554",43.73,49.47
2021-06-01,3844748,4413648,46.12,52.94,"1032113",1192614,40.32,46.59,"517796","613696",36.51,43.27,"939649",1047800,57.69,64.33,"1145910",1323219,50.84,58.71,"209280","236319",43.95,49.63
2021-06-02,3866787,4431008,46.38,53.15,"1038347",1197322,40.56,46.77,"521521","617153",36.77,43.52,"943586",1050733,57.93,64.51,"1152787",1328725,51.15,58.95,"210546","237075",44.22,49.79
2021-06-03,3892160,4447890,46.69,53.35,"1045192",1201729,40.83,46.94,"525575","620561",37.06,43.76,"949454",1053763,58.29,64.7,"1160290",1333913,51.48,59.18,"211649","237924",44.45,49.97
2021-06-04,3919695,4464880,47.02,53.56,"1052415",1205961,41.11,47.11,"530137","624253",37.38,44.02,"956293",1057203,58.71,64.91,"1168066",1338898,51.83,59.4,"212784","238565",44.69,50.1
2021-06-05,3942902,4477481,47.3,53.71,"1058287",1209261,41.34,47.24,"533333","626289",37.61,44.16,"961555",1059649,59.04,65.06,"1175881",1343107,52.17,59.59,"213846","239175",44.91,50.23
2021-06-06,3957779,4484927,47.47,53.8,"1061721",1211321,41.48,47.32,"534862","627161",37.71,44.22,"965491",1061266,59.28,65.16,"1181221",1345525,52.41,59.7,"214484","239654",45.05,50.33
2021-06-07,3981374,4498794,47.76,53.96,"1067957",1215231,41.72,47.47,"538880","629790",38,44.41,"970877",1063800,59.61,65.32,"1188231",1349756,52.72,59.89,"215429","240217",45.24,50.45
2021-06-08,4007153,4513448,48.07,54.14,"1075467",1219240,42.01,47.63,"542872","632730",38.28,44.61,"976361",1066603,59.95,65.49,"1195897",1354042,53.06,60.08,"216556","240833",45.48,50.58
2021-06-09,4031930,4526692,48.36,54.3,"1082776",1222769,42.3,47.77,"546929","635347",38.56,44.8,"980800",1069232,60.22,65.65,"1203840",1357936,53.41,60.25,"217585","241408",45.7,50.7
2021-06-10,4056095,4540885,48.65,54.47,"1089585",1226602,42.56,47.92,"551101","638273",38.86,45.01,"985329",1072142,60.5,65.83,"1211402",1361893,53.75,60.42,"218678","241975",45.93,50.82
2021-06-11,4083241,4555848,48.98,54.65,"1096689",1230398,42.84,48.06,"556611","641422",39.25,45.23,"990230",1075200,60.8,66.02,"1219769",1366285,54.12,60.62,"219942","242543",46.19,50.94
2021-06-12,4104072,4567620,49.23,54.79,"1102203",1233554,43.06,48.19,"559668","643329",39.46,45.36,"993821",1077613,61.02,66.16,"1227405",1370108,54.46,60.79,"220975","243016",46.41,51.04
2021-06-13,4116059,4572851,49.37,54.85,"1105209",1234990,43.17,48.24,"561138","644045",39.57,45.41,"996225",1078881,61.17,66.24,"1231889",1371676,54.66,60.86,"221598","243259",46.54,51.09
2021-06-14,4137035,4584875,49.62,55,"1111020",1238096,43.4,48.36,"565033","646391",39.84,45.58,"999812",1081171,61.39,66.38,"1238663",1375439,54.96,61.03,"222507","243778",46.73,51.2
2021-06-15,4159745,4598532,49.9,55.16,"1117959",1241921,43.67,48.51,"569249","649164",40.14,45.77,"1003492",1083775,61.61,66.54,"1245603",1379373,55.27,61.2,"223442","244299",46.93,51.31
2021-06-16,4180737,4611785,50.15,55.32,"1123753",1245299,43.9,48.65,"573108","651905",40.41,45.97,"1006926",1086294,61.82,66.7,"1252495",1383458,55.57,61.38,"224455","244829",47.14,51.42
2021-06-17,4201009,4624486,50.39,55.47,"1129829",1248597,44.14,48.78,"576869","654427",40.68,46.14,"1010267",1088813,62.03,66.85,"1258630",1387258,55.84,61.55,"225414","245391",47.34,51.54
2021-06-18,4221350,4638442,50.64,55.64,"1135411",1252235,44.35,48.92,"580579","657087",40.94,46.33,"1013777",1091691,62.24,67.03,"1265180",1391478,56.13,61.74,"226403","245951",47.55,51.65
2021-06-19,4236211,4648328,50.81,55.76,"1139375",1254812,44.51,49.02,"582951","658520",41.1,46.43,"1016107",1093595,62.39,67.15,"1270595",1395025,56.37,61.89,"227183","246376",47.71,51.74
2021-06-20,4244162,4653430,50.91,55.82,"1141582",1256141,44.59,49.07,"583976","659119",41.18,46.48,"1017419",1094790,62.47,67.22,"1273575",1396722,56.51,61.97,"227610","246658",47.8,51.8
2021-06-21,4255767,4665280,51.05,55.96,"1144942",1259382,44.73,49.2,"586228","661339",41.34,46.63,"1019284",1096913,62.58,67.35,"1277281",1400530,56.67,62.14,"228032","247116",47.89,51.9
2021-06-22,4272831,4676677,51.25,56.1,"1149670",1262472,44.91,49.32,"589576","663501",41.57,46.78,"1022178",1099197,62.76,67.49,"1282646",1403909,56.91,62.29,"228761","247598",48.04,52
2021-06-23,4289669,4688566,51.45,56.24,"1154378",1265785,45.09,49.45,"593006","665839",41.81,46.95,"1024973",1101475,62.93,67.63,"1287794",1407388,57.14,62.44,"229518","248079",48.2,52.1
2021-06-24,4305780,4699707,51.65,56.37,"1158837",1268748,45.27,49.56,"596376","668080",42.05,47.11,"1027508",1103715,63.09,67.77,"1292784",1410588,57.36,62.59,"230275","248576",48.36,52.21
2021-06-25,4321647,4711694,51.84,56.52,"1162968",1271801,45.43,49.68,"599586","670403",42.28,47.27,"1030227",1106093,63.25,67.91,"1297945",1414316,57.59,62.75,"230921","249081",48.5,52.31
2021-06-26,4333211,4720608,51.98,56.62,"1165953",1274285,45.55,49.78,"601467","671739",42.41,47.37,"1032193",1107891,63.38,68.02,"1302064",1417206,57.77,62.88,"231534","249487",48.63,52.4
2021-06-27,4339830,4726211,52.06,56.69,"1167972",1275806,45.63,49.84,"602316","672391",42.47,47.41,"1033296",1109056,63.44,68.09,"1304246",1419129,57.87,62.96,"232000","249829",48.72,52.47
2021-06-28,4351525,4736558,52.2,56.81,"1171165",1278621,45.75,49.95,"604599","674323",42.63,47.55,"1035078",1110856,63.55,68.2,"1308207",1422444,58.04,63.11,"232476","250314",48.82,52.57
2021-06-29,4365088,4747466,52.36,56.95,"1174882",1281496,45.9,50.06,"607435","676493",42.83,47.7,"1037291",1112805,63.69,68.32,"1312459",1425889,58.23,63.26,"233021","250783",48.94,52.67
2021-06-30,4377206,4757932,52.5,57.07,"1178375",1284491,46.03,50.18,"609908","678477",43.01,47.84,"1039338",1114605,63.81,68.44,"1316070",1429091,58.39,63.41,"233515","251268",49.04,52.77
2021-07-01,4389219,4768488,52.65,57.2,"1181770",1287355,46.16,50.29,"612226","680467",43.17,47.98,"1041458",1116625,63.94,68.56,"1319620",1432192,58.55,63.54,"234145","251849",49.18,52.89
2021-07-02,4401914,4779617,52.8,57.33,"1185152",1290274,46.3,50.4,"615028","682644",43.37,48.13,"1043604",1118758,64.08,68.69,"1323480",1435574,58.72,63.69,"234650","252367",49.28,53
2021-07-03,4411439,4787833,52.92,57.43,"1188100",1292699,46.41,50.5,"616450","683731",43.47,48.21,"1045106",1120360,64.17,68.79,"1326693",1438256,58.86,63.81,"235090","252787",49.37,53.09
2021-07-04,4413285,4789606,52.94,57.45,"1188767",1293232,46.44,50.52,"616599","683859",43.48,48.22,"1045536",1120837,64.19,68.82,"1327246",1438825,58.89,63.84,"235137","252853",49.38,53.1
2021-07-05,4421607,4797391,53.04,57.54,"1191259",1295548,46.54,50.61,"617788","684863",43.56,48.29,"1046970",1122476,64.28,68.92,"1330022",1441242,59.01,63.95,"235568","253262",49.47,53.19
2021-07-06,4435620,4808103,53.21,57.67,"1194997",1298489,46.68,50.72,"621000","686938",43.79,48.44,"1049230",1124405,64.42,69.04,"1334160",1444497,59.19,64.09,"236233","253774",49.61,53.3
2021-07-07,4447971,4817993,53.35,57.79,"1198401",1301153,46.81,50.83,"623667","688809",43.98,48.57,"1051268",1126206,64.55,69.15,"1337874",1447594,59.36,64.23,"236761","254231",49.72,53.39
2021-07-08,4459184,4827344,53.49,57.9,"1201603",1303752,46.94,50.93,"626016","690562",44.14,48.69,"1053144",1128008,64.66,69.26,"1341161",1450345,59.51,64.35,"237260","254677",49.83,53.49
2021-07-09,4471194,4836940,53.63,58.02,"1204905",1306376,47.07,51.03,"628439","692321",44.31,48.82,"1055235",1129896,64.79,69.37,"1344813",1453205,59.67,64.48,"237802","255142",49.94,53.59
2021-07-10,4480933,4845058,53.75,58.12,"1207559",1308534,47.17,51.12,"629923","693504",44.42,48.9,"1056730",1131363,64.88,69.46,"1348455",1456117,59.83,64.61,"238266","255540",50.04,53.67
2021-07-11,4486118,4849763,53.81,58.17,"1208951",1309832,47.23,51.17,"630576","693991",44.46,48.93,"1057538",1132271,64.93,69.52,"1350504",1457882,59.92,64.68,"238549","255787",50.1,53.72
2021-07-12,4496968,4859308,53.94,58.29,"1211952",1312274,47.34,51.26,"632659","695825",44.61,49.06,"1059103",1134015,65.03,69.63,"1354189",1460890,60.08,64.82,"239065","256304",50.21,53.83
2021-07-13,4507389,4869707,54.07,58.41,"1214885",1315154,47.46,51.38,"634834","697972",44.76,49.22,"1060839",1135751,65.13,69.73,"1357229",1463944,60.22,64.95,"239602","256886",50.32,53.95
2021-07-14,4517778,4879572,54.19,58.53,"1217892",1318065,47.58,51.49,"636922","699828",44.91,49.35,"1062471",1137558,65.23,69.84,"1360422",1466705,60.36,65.08,"240071","257416",50.42,54.06
2021-07-15,4527857,4889239,54.31,58.65,"1220684",1320836,47.68,51.6,"639078","701645",45.06,49.47,"1064100",1139363,65.33,69.96,"1363441",1469375,60.49,65.19,"240554","258020",50.52,54.19
2021-07-16,4538563,4899366,54.44,58.77,"1223623",1323679,47.8,51.71,"641188","703535",45.21,49.61,"1065835",1141227,65.44,70.07,"1366886",1472381,60.65,65.33,"241031","258544",50.62,54.3
2021-07-17,4546812,4907044,54.54,58.86,"1225963",1325786,47.89,51.79,"642506","704830",45.3,49.7,"1067024",1142582,65.51,70.15,"1369867",1474904,60.78,65.44,"241452","258942",50.71,54.38
2021-07-18,4551691,4911746,54.6,58.92,"1227368",1327019,47.95,51.84,"643116","705454",45.35,49.74,"1067829",1143610,65.56,70.22,"1371615",1476430,60.86,65.51,"241763","259233",50.78,54.44
2021-07-19,4561170,4921779,54.71,59.04,"1230053",1329760,48.05,51.95,"644921","707430",45.47,49.88,"1069347",1145305,65.66,70.32,"1374606",1479539,60.99,65.64,"242243","259745",50.88,54.55
2021-07-20,4570915,4933353,54.83,59.18,"1232835",1333058,48.16,52.07,"647065","709877",45.63,50.05,"1070969",1147269,65.76,70.44,"1377407",1482832,61.11,65.79,"242639","260317",50.96,54.67
2021-07-21,4580595,4944256,54.94,59.31,"1235647",1336022,48.27,52.19,"648943","712056",45.76,50.21,"1072421",1149193,65.84,70.56,"1380501",1486038,61.25,65.93,"243083","260947",51.05,54.8
2021-07-22,4590146,4955873,55.06,59.45,"1238241",1339371,48.37,52.32,"650892","714381",45.9,50.37,"1073972",1151157,65.94,70.68,"1383371",1489318,61.38,66.08,"243670","261646",51.18,54.95
2021-07-23,4600015,4968032,55.18,59.59,"1240899",1342732,48.47,52.45,"652879","716867",46.04,50.55,"1075594",1153211,66.04,70.81,"1386503",1493008,61.52,66.24,"244140","262214",51.27,55.07
2021-07-24,4607516,4976062,55.27,59.69,"1243185",1345066,48.56,52.54,"653960","718169",46.11,50.64,"1076640",1154624,66.1,70.89,"1389135",1495558,61.63,66.36,"244596","262645",51.37,55.16
2021-07-25,4610103,4982061,55.3,59.76,"1243983",1346901,48.59,52.62,"654191","718891",46.13,50.69,"1077135",1155632,66.13,70.95,"1390042",1497592,61.67,66.45,"244752","263045",51.4,55.24
2021-07-26,4617913,4993702,55.39,59.9,"1246366",1350250,48.69,52.75,"655528","721167",46.22,50.85,"1078342",1157550,66.21,71.07,"1392472",1501007,61.78,66.6,"245205","263728",51.5,55.39
2021-07-27,4627334,5006531,55.5,60.05,"1249054",1353843,48.79,52.89,"657517","724025",46.36,51.05,"1079729",1159549,66.29,71.19,"1395351",1504714,61.91,66.76,"245683","264400",51.6,55.53
2021-07-28,4636288,5019285,55.61,60.21,"1251639",1357276,48.89,53.02,"659310","726764",46.49,51.25,"1081060",1161573,66.38,71.32,"1398164",1508551,62.03,66.93,"246115","265121",51.69,55.68
2021-07-29,4644581,5031050,55.71,60.35,"1254035",1360514,48.99,53.15,"660940","729224",46.6,51.42,"1082361",1163468,66.46,71.44,"1400671",1512028,62.15,67.09,"246574","265816",51.79,55.83
2021-07-30,4653808,5046944,55.82,60.54,"1256730",1365026,49.09,53.32,"662759","732517",46.73,51.65,"1083771",1165993,66.54,71.59,"1403485",1516743,62.27,67.3,"247063","266665",51.89,56.01
2021-07-31,4660982,5057262,55.91,60.66,"1258777",1368099,49.17,53.44,"663832","734139",46.81,51.77,"1084786",1167551,66.6,71.69,"1406143",1520187,62.39,67.45,"247444","267286",51.97,56.14
2021-08-01,4664906,5064235,55.96,60.75,"1259922",1370053,49.22,53.52,"664157","735004",46.83,51.83,"1085379",1168656,66.64,71.75,"1407743",1522729,62.46,67.56,"247705","267793",52.02,56.24
2021-08-02,4672933,5078371,56.05,60.91,"1262167",1374158,49.31,53.68,"665607","737924",46.93,52.03,"1086528",1170688,66.71,71.88,"1410495",1527118,62.58,67.76,"248136","268483",52.11,56.39
2021-08-03,4682601,5094565,56.17,61.11,"1265042",1378835,49.42,53.86,"667569","741320",47.07,52.27,"1087972",1173259,66.8,72.04,"1413421",1531817,62.71,67.96,"248597","269334",52.21,56.57
2021-08-04,4692098,5112802,56.28,61.33,"1267836",1384147,49.53,54.07,"669602","745345",47.21,52.56,"1089330",1175884,66.88,72.2,"1416185",1537002,62.83,68.19,"249145","270424",52.33,56.79
2021-08-05,4701286,5131537,56.39,61.55,"1270585",1389655,49.63,54.29,"671464","749105",47.35,52.82,"1090678",1178494,66.97,72.36,"1418829",1542627,62.95,68.44,"249730","271656",52.45,57.05
2021-08-06,4710750,5150690,56.51,61.78,"1273454",1395262,49.75,54.5,"673260","753079",47.47,53.1,"1092110",1181366,67.05,72.53,"1421720",1548261,63.08,68.69,"250206","272722",52.55,57.28
2021-08-07,4717594,5164853,56.59,61.95,"1275392",1399194,49.82,54.66,"674411","755715",47.55,53.29,"1093030",1183295,67.11,72.65,"1424171",1553064,63.19,68.91,"250590","273585",52.63,57.46
2021-08-08,4721763,5174378,56.64,62.07,"1276545",1402069,49.87,54.77,"674920","757089",47.59,53.38,"1093650",1184544,67.15,72.73,"1425799",1556437,63.26,69.06,"250849","274239",52.68,57.6
2021-08-09,4731235,5196480,56.75,62.33,"1279324",1408116,49.98,55.01,"676895","762439",47.73,53.76,"1094952",1187376,67.23,72.9,"1428695",1563280,63.39,69.36,"251369","275269",52.79,57.81
2021-08-10,4741427,5216047,56.87,62.57,"1282243",1413542,50.09,55.22,"679154","767058",47.89,54.09,"1096448",1190223,67.32,73.08,"1431587",1568829,63.52,69.61,"251995","276395",52.92,58.05
2021-08-11,4750575,5232226,56.98,62.76,"1284827",1418170,50.19,55.4,"681029","770595",48.02,54.34,"1097773",1192496,67.4,73.22,"1434431",1573718,63.64,69.82,"252515","277247",53.03,58.23
2021-08-12,4760453,5248021,57.1,62.95,"1287731",1422662,50.3,55.57,"683015","774044",48.16,54.58,"1099210",1194736,67.49,73.35,"1437331",1578186,63.77,70.02,"253166","278393",53.17,58.47
2021-08-13,4770509,5263705,57.22,63.14,"1290668",1427093,50.42,55.75,"684987","777621",48.3,54.83,"1100591",1197107,67.57,73.5,"1440588",1582609,63.92,70.22,"253675","279275",53.28,58.65
2021-08-14,4777560,5274596,57.31,63.27,"1292775",1430257,50.5,55.87,"686186","779542",48.38,54.97,"1101578",1198700,67.64,73.6,"1442990",1586130,64.02,70.37,"254031","279967",53.35,58.8
2021-08-15,4782762,5281748,57.37,63.35,"1294496",1432521,50.57,55.96,"686774","780556",48.43,55.04,"1102184",1199778,67.67,73.66,"1444856",1588359,64.11,70.47,"254452","280534",53.44,58.92
2021-08-16,4793157,5298307,57.49,63.55,"1297626",1437383,50.69,56.15,"688837","784361",48.57,55.31,"1103634",1202134,67.76,73.81,"1448036",1593112,64.25,70.68,"255024","281317",53.56,59.08
2021-08-17,4804897,5317030,57.63,63.78,"1301127",1442824,50.83,56.36,"691428","788766",48.75,55.62,"1105270",1205098,67.86,73.99,"1451414",1598020,64.4,70.9,"255658","282322",53.69,59.29
2021-08-18,4816344,5335368,57.77,64,"1304371",1447942,50.95,56.56,"693918","793051",48.93,55.92,"1106819",1207851,67.96,74.16,"1454903",1603138,64.55,71.13,"256333","283386",53.84,59.52
2021-08-19,4827048,5352562,57.9,64.2,"1307374",1452929,51.07,56.76,"696203","796870",49.09,56.19,"1108305",1210408,68.05,74.32,"1458152",1607802,64.7,71.34,"257014","284553",53.98,59.76
2021-08-20,4839742,5369734,58.05,64.41,"1311132",1458076,51.22,56.96,"698830","800627",49.28,56.45,"1110138",1212967,68.16,74.47,"1461945",1612632,64.86,71.55,"257697","285432",54.12,59.95
2021-08-21,4848682,5381619,58.16,64.55,"1313693",1461390,51.32,57.09,"700241","802795",49.38,56.61,"1111205",1214602,68.23,74.57,"1465242",1616700,65.01,71.73,"258301","286132",54.25,60.09
2021-08-22,4852914,5385917,58.21,64.6,"1314886",1462619,51.36,57.14,"700716","803303",49.41,56.64,"1111764",1215373,68.26,74.62,"1466864",1618183,65.08,71.8,"258684","286439",54.33,60.16
2021-08-23,4865742,5402254,58.36,64.8,"1318532",1467186,51.51,57.31,"703390","807056",49.6,56.91,"1113329",1217531,68.36,74.75,"1471070",1623044,65.27,72.01,"259421","287437",54.48,60.37
2021-08-24,4879252,5419829,58.53,65.01,"1322498",1472030,51.66,57.5,"706199","811430",49.8,57.22,"1115216",1220020,68.47,74.91,"1475068",1627943,65.45,72.23,"260271","288406",54.66,60.57
2021-08-25,4892579,5435209,58.69,65.2,"1326418",1476385,51.82,57.67,"709040","815020",50,57.47,"1116986",1222326,68.58,75.05,"1479082",1632153,65.62,72.42,"261053","289325",54.83,60.76
2021-08-26,4907491,5451985,58.87,65.4,"1330850",1481101,51.99,57.86,"712189","819147",50.22,57.76,"1118786",1224714,68.69,75.2,"1483707",1636728,65.83,72.62,"261959","290295",55.02,60.97
2021-08-27,4923123,5467472,59.05,65.58,"1335545",1485642,52.17,58.04,"715363","822632",50.44,58.01,"1120884",1227093,68.82,75.34,"1488486",1640986,66.04,72.81,"262845","291119",55.2,61.14
2021-08-28,4935481,5478842,59.2,65.72,"1339081",1489022,52.31,58.17,"717630","824809",50.6,58.16,"1122326",1228677,68.91,75.44,"1492796",1644528,66.23,72.97,"263648","291806",55.37,61.29
2021-08-29,4943457,5486390,59.3,65.81,"1341565",1491230,52.41,58.25,"718569","825943",50.67,58.24,"1123238",1229817,68.97,75.51,"1495895",1646922,66.37,73.07,"264190","292478",55.49,61.43
2021-08-30,4961451,5502820,59.51,66.01,"1346595",1495905,52.6,58.44,"722940","829673",50.98,58.5,"1125363",1232269,69.1,75.66,"1501386",1651554,66.61,73.28,"265167","293419",55.69,61.62
2021-08-31,4978227,5518953,59.71,66.2,"1351322",1500514,52.79,58.62,"726926","833560",51.26,58.78,"1127621",1234762,69.23,75.81,"1506229",1655811,66.83,73.47,"266129","294306",55.89,61.81
2021-09-01,4993092,5534485,59.89,66.39,"1355703",1505115,52.96,58.8,"730357","837219",51.5,59.03,"1129427",1236890,69.35,75.94,"1510643",1660129,67.02,73.66,"266962","295132",56.07,61.98
2021-09-02,5006358,5549466,60.05,66.57,"1359678",1509826,53.11,58.98,"733109","840583",51.69,59.27,"1131085",1238985,69.45,76.07,"1514503",1664020,67.2,73.83,"267983","296052",56.28,62.18
2021-09-03,5021622,5565065,60.23,66.75,"1364318",1514672,53.3,59.17,"736534","844058",51.93,59.52,"1133052",1241402,69.57,76.22,"1518856",1668099,67.39,74.01,"268862","296834",56.47,62.34
2021-09-04,5031767,5575139,60.36,66.87,"1367512",1517701,53.42,59.29,"738370","845991",52.06,59.65,"1134185",1242801,69.64,76.31,"1522161",1671230,67.54,74.15,"269539","297416",56.61,62.46
2021-09-05,5037766,5582230,60.43,66.96,"1369499",1519868,53.5,59.37,"739178","847070",52.12,59.73,"1134880",1243863,69.68,76.37,"1524097",1673501,67.62,74.25,"270112","297928",56.73,62.57
2021-09-06,5042600,5587628,60.49,67.02,"1370994",1521441,53.56,59.43,"740023","848230",52.18,59.81,"1135426",1244558,69.71,76.41,"1525776",1675170,67.7,74.32,"270381","298229",56.79,62.63
2021-09-07,5061016,5603693,60.71,67.22,"1376157",1526211,53.76,59.62,"744466","852279",52.49,60.1,"1137985",1246960,69.87,76.56,"1531016",1679115,67.93,74.5,"271392","299128",57,62.82
2021-09-08,5076586,5620378,60.89,67.42,"1380449",1531137,53.93,59.81,"748302","856517",52.76,60.39,"1139958",1249230,69.99,76.7,"1535624",1683559,68.13,74.7,"272253","299935",57.18,62.99
2021-09-09,5092244,5637157,61.08,67.62,"1385174",1536392,54.11,60.02,"752015","860478",53.03,60.67,"1141844",1251452,70.11,76.84,"1539955",1687802,68.33,74.89,"273256","301033",57.39,63.22
2021-09-10,5108584,5656271,61.28,67.85,"1390202",1542279,54.31,60.25,"755762","865162",53.29,61,"1143925",1254243,70.24,77.01,"1544556",1692509,68.53,75.09,"274139","302078",57.57,63.44
2021-09-11,5119895,5669666,61.41,68.01,"1393514",1546283,54.44,60.4,"757902","868027",53.44,61.21,"1145292",1256019,70.32,77.12,"1548282",1696422,68.69,75.27,"274905","302915",57.74,63.62
2021-09-12,5125662,5678858,61.48,68.12,"1395234",1549155,54.5,60.52,"758789","869748",53.5,61.33,"1145991",1257321,70.36,77.2,"1550296",1699096,68.78,75.39,"275352","303538",57.83,63.75
2021-09-13,5139489,5696430,61.65,68.33,"1399315",1554694,54.66,60.73,"761998","874122",53.73,61.64,"1147787",1259839,70.47,77.35,"1554303",1703351,68.96,75.57,"276086","304424",57.98,63.94
2021-09-14,5153936,5713201,61.82,68.53,"1403453",1559832,54.82,60.93,"765621","878293",53.99,61.93,"1149710",1262307,70.59,77.5,"1558231",1707390,69.14,75.75,"276921","305379",58.16,64.14
2021-09-15,5167381,5729091,61.98,68.72,"1407212",1564709,54.97,61.12,"768907","882313",54.22,62.21,"1151487",1264499,70.7,77.64,"1562064",1711308,69.31,75.93,"277711","306262",58.33,64.32
2021-09-16,5182227,5745174,62.16,68.91,"1411484",1569557,55.14,61.31,"772613","886082",54.48,62.48,"1153244",1266638,70.81,77.77,"1566195",1715647,69.49,76.12,"278691","307250",58.53,64.53
2021-09-17,5196829,5760088,62.34,69.09,"1415889",1574155,55.31,61.49,"775928","889669",54.71,62.73,"1155174",1268925,70.93,77.91,"1570314",1719318,69.67,76.28,"279524","308021",58.71,64.69
2021-09-18,5207832,5770802,62.47,69.22,"1419285",1577597,55.44,61.63,"777952","891624",54.85,62.87,"1156326",1270313,71,78,"1574025",1722553,69.84,76.43,"280244","308715",58.86,64.84
2021-09-19,5214432,5777391,62.55,69.3,"1421431",1579856,55.53,61.72,"778905","892557",54.92,62.94,"1157058",1271110,71.04,78.04,"1576260",1724670,69.94,76.52,"280778","309198",58.97,64.94
2021-09-20,5228132,5790887,62.71,69.46,"1425408",1583793,55.68,61.87,"782113","895824",55.15,63.17,"1158841",1272891,71.15,78.15,"1580166",1728285,70.11,76.68,"281604","310094",59.14,65.13
2021-09-21,5241863,5803852,62.88,69.62,"1429314",1587694,55.83,62.02,"785517","898909",55.39,63.38,"1160638",1274737,71.26,78.27,"1583911",1731624,70.28,76.83,"282483","310888",59.33,65.29
2021-09-22,5254759,5817312,63.03,69.78,"1433122",1591934,55.98,62.19,"788629","902267",55.61,63.62,"1162217",1276435,71.36,78.37,"1587544",1735009,70.44,76.98,"283247","311667",59.49,65.46
2021-09-23,5269008,5833415,63.2,69.97,"1437784",1597283,56.17,62.4,"791917","906178",55.84,63.9,"1163952",1278357,71.46,78.49,"1591171",1738716,70.6,77.14,"284184","312881",59.68,65.71
2021-09-24,5283884,5851152,63.38,70.18,"1442490",1603161,56.35,62.63,"795319","910266",56.08,64.18,"1165898",1280698,71.58,78.63,"1595085",1742882,70.77,77.33,"285092","314145",59.88,65.98
2021-09-25,5293933,5862592,63.5,70.32,"1445577",1606879,56.47,62.77,"797417","912739",56.23,64.36,"1167018",1282128,71.65,78.72,"1598143",1745926,70.91,77.46,"285778","314920",60.02,66.14
2021-09-26,5300451,5869595,63.58,70.41,"1447676",1609345,56.55,62.87,"798468","913995",56.3,64.45,"1167723",1282969,71.7,78.77,"1600281",1747727,71,77.54,"286303","315559",60.13,66.27
2021-09-27,5309588,5884623,63.69,70.59,"1450451",1614333,56.66,63.06,"800528","917611",56.45,64.7,"1168849",1284891,71.77,78.89,"1602877",1751403,71.12,77.71,"286883","316385",60.25,66.45
2021-09-28,5322069,5896308,63.84,70.73,"1454268",1618121,56.81,63.21,"803688","920425",56.67,64.9,"1170521",1286555,71.87,78.99,"1606010",1754049,71.26,77.82,"287582","317158",60.4,66.61
2021-09-29,5335318,5908771,64,70.88,"1458254",1622129,56.97,63.37,"807129","923278",56.91,65.1,"1172094",1288193,71.96,79.09,"1609471",1757070,71.41,77.96,"288370","318101",60.56,66.81
2021-09-30,5348930,5921944,64.16,71.03,"1462761",1626496,57.14,63.54,"810376","926229",57.14,65.31,"1173649",1289984,72.06,79.2,"1612832",1760061,71.56,78.09,"289312","319174",60.76,67.03
2021-10-01,5363457,5935528,64.33,71.2,"1467371",1631106,57.32,63.72,"813819","929221",57.38,65.52,"1175554",1291794,72.18,79.31,"1616516",1763387,71.72,78.24,"290197","320020",60.95,67.21
2021-10-02,5374235,5943818,64.46,71.3,"1470928",1633903,57.46,63.83,"815976","930826",57.54,65.63,"1176749",1292883,72.25,79.38,"1619753",1765710,71.87,78.34,"290829","320496",61.08,67.31
2021-10-03,5380960,5949280,64.54,71.36,"1473157",1635700,57.55,63.9,"817170","931730",57.62,65.7,"1177459",1293644,72.29,79.43,"1621847",1767349,71.96,78.41,"291327","320857",61.18,67.39
2021-10-04,5392774,5959869,64.69,71.49,"1477154",1639485,57.7,64.04,"819861","934090",57.81,65.86,"1178950",1295182,72.39,79.52,"1624857",1769813,72.09,78.52,"291952","321299",61.32,67.48
2021-10-05,5405263,5970829,64.84,71.62,"1481237",1643456,57.86,64.2,"822847","936498",58.02,66.03,"1180671",1296844,72.49,79.62,"1627882",1772255,72.23,78.63,"292626","321776",61.46,67.58
2021-10-06,5417077,5981438,64.98,71.75,"1485177",1647247,58.02,64.35,"825684","938969",58.22,66.21,"1182080",1298326,72.58,79.72,"1630869",1774632,72.36,78.74,"293267","322264",61.59,67.68
2021-10-07,5429871,5991611,65.13,71.87,"1489346",1650979,58.18,64.49,"828693","941178",58.43,66.36,"1183659",1299821,72.67,79.81,"1634198",1776936,72.51,78.84,"293975","322697",61.74,67.77
2021-10-08,5442745,6001651,65.29,71.99,"1493388",1654211,58.34,64.62,"831688","943477",58.64,66.53,"1185487",1301544,72.79,79.91,"1637461",1779276,72.65,78.94,"294721","323143",61.9,67.87
2021-10-09,5451613,6008312,65.39,72.07,"1496390",1656457,58.45,64.71,"833427","944843",58.77,66.62,"1186442",1302470,72.85,79.97,"1640082",1781079,72.77,79.02,"295272","323463",62.01,67.93
2021-10-10,5457030,6012134,65.46,72.12,"1498312",1657716,58.53,64.76,"834178","945378",58.82,66.66,"1186987",1303076,72.88,80.01,"1641874",1782302,72.85,79.08,"295679","323662",62.1,67.98
2021-10-11,5467057,6020211,65.58,72.21,"1501484",1660435,58.65,64.86,"836416","947103",58.98,66.78,"1188151",1304376,72.95,80.09,"1644639",1784232,72.97,79.16,"296367","324065",62.24,68.06
2021-10-12,5478819,6028907,65.72,72.32,"1505135",1663235,58.8,64.97,"839355","949106",59.18,66.92,"1189663",1305793,73.04,80.17,"1647606",1786256,73.1,79.25,"297060","324517",62.39,68.16
2021-10-13,5489586,6036633,65.85,72.41,"1508527",1665690,58.93,65.07,"842153","950991",59.38,67.06,"1190987",1306987,73.12,80.25,"1650292",1788172,73.22,79.34,"297627","324793",62.51,68.21
2021-10-14,5501234,6044532,65.99,72.5,"1512321",1668236,59.08,65.17,"845193","952971",59.6,67.2,"1192390",1308273,73.21,80.33,"1652959",1789889,73.34,79.41,"298371","325163",62.66,68.29
2021-10-15,5513786,6052794,66.14,72.6,"1516552",1670856,59.24,65.27,"848151","954878",59.8,67.33,"1194028",1309769,73.31,80.42,"1656001",1791769,73.47,79.5,"299054","325522",62.81,68.37
2021-10-16,5521848,6058036,66.23,72.67,"1519284",1672518,59.35,65.34,"849773","955859",59.92,67.4,"1194912",1310626,73.37,80.47,"1658260",1793213,73.57,79.56,"299619","325820",62.93,68.43
2021-10-17,5526688,6061330,66.29,72.71,"1521095",1673586,59.42,65.38,"850521","956366",59.97,67.43,"1195445",1311258,73.4,80.51,"1659607",1794164,73.63,79.6,"300020","325956",63.01,68.46
2021-10-18,5537978,6068838,66.43,72.8,"1524884",1675980,59.57,65.47,"853297","958037",60.17,67.55,"1196741",1312551,73.48,80.59,"1662417",1795977,73.76,79.68,"300639","326293",63.14,68.53
2021-10-19,5547370,6075854,66.54,72.88,"1528090",1678131,59.69,65.55,"855689","959711",60.34,67.67,"1197931",1313814,73.55,80.67,"1664535",1797602,73.85,79.76,"301125","326596",63.24,68.59
2021-10-20,5557303,6082896,66.66,72.96,"1531369",1680290,59.82,65.64,"858142","961390",60.51,67.79,"1199068",1315107,73.62,80.75,"1666811",1799136,73.95,79.82,"301913","326973",63.41,68.67
2021-10-21,5567216,6090358,66.78,73.05,"1534693",1682668,59.95,65.73,"860503","963120",60.68,67.91,"1200315",1316405,73.7,80.83,"1669071",1800754,74.05,79.9,"302634","327411",63.56,68.76
2021-10-22,5578414,6098894,66.91,73.16,"1538500",1685264,60.1,65.83,"862952","964949",60.85,68.04,"1201776",1318155,73.79,80.93,"1671900",1802685,74.18,79.98,"303286","327841",63.7,68.85
2021-10-23,5585517,6104434,67,73.22,"1540860",1686977,60.19,65.9,"864395","965995",60.95,68.11,"1202604",1319185,73.84,81,"1673875",1804064,74.27,80.04,"303783","328213",63.8,68.93
2021-10-24,5590086,6108066,67.05,73.27,"1542462",1688067,60.25,65.94,"865084","966470",61,68.15,"1203124",1319974,73.87,81.04,"1675206",1805055,74.33,80.09,"304210","328500",63.89,68.99
2021-10-25,5599830,6117249,67.17,73.38,"1545881",1690999,60.39,66.06,"867295","968427",61.15,68.29,"1204344",1321818,73.94,81.16,"1677506",1807004,74.43,80.17,"304804","329001",64.02,69.1
2021-10-26,5608744,6125973,67.28,73.48,"1548960",1693622,60.51,66.16,"869229","970194",61.29,68.41,"1205575",1323606,74.02,81.27,"1679579",1808909,74.52,80.26,"305401","329642",64.14,69.23
2021-10-27,5618412,6137049,67.39,73.61,"1552303",1697231,60.64,66.3,"871483","972625",61.45,68.58,"1206824",1325469,74.1,81.38,"1681722",1811261,74.62,80.36,"306080","330463",64.28,69.4
2021-10-28,5627800,6148625,67.51,73.75,"1555478",1701037,60.76,66.45,"873532","975025",61.59,68.75,"1208102",1327491,74.18,81.51,"1683996",1813698,74.72,80.47,"306692","331374",64.41,69.6
2021-10-29,5637602,6160992,67.62,73.9,"1558704",1704905,60.89,66.6,"875680","977575",61.75,68.93,"1209562",1329732,74.27,81.64,"1686318",1816417,74.82,80.59,"307338","332363",64.55,69.8
2021-10-30,5643461,6166074,67.69,73.96,"1560726",1706425,60.97,66.66,"876693","978409",61.82,68.99,"1210350",1330814,74.31,81.71,"1687962",1817759,74.89,80.65,"307730","332667",64.63,69.87
2021-10-31,5646652,6169080,67.73,74,"1561859",1707435,61.01,66.7,"877163","978783",61.85,69.02,"1210771",1331531,74.34,81.75,"1688944",1818485,74.94,80.68,"307915","332846",64.67,69.9
2021-11-01,5654560,6176765,67.83,74.09,"1564672",1709815,61.12,66.79,"878905","980282",61.97,69.12,"1211807",1333216,74.4,81.86,"1690797",1820236,75.02,80.76,"308379","333216",64.77,69.98
2021-11-02,5662101,6183823,67.92,74.17,"1567220",1711939,61.22,66.88,"880544","981687",62.09,69.22,"1212941",1334899,74.47,81.96,"1692609",1821768,75.1,80.83,"308787","333530",64.85,70.05
2021-11-03,5669651,6191295,68.01,74.26,"1569757",1714216,61.32,66.96,"882299","983042",62.21,69.32,"1213934",1336757,74.53,82.07,"1694470",1823419,75.18,80.9,"309191","333861",64.94,70.12
2021-11-04,5676715,6200782,68.09,74.38,"1572133",1717076,61.41,67.08,"883943","984405",62.33,69.41,"1214963",1339717,74.6,82.26,"1696123",1825357,75.25,80.99,"309553","334227",65.01,70.19
2021-11-05,5684376,6211901,68.18,74.51,"1574681",1720424,61.51,67.21,"885687","986066",62.45,69.53,"1216136",1343012,74.67,82.46,"1697916",1827719,75.33,81.09,"309956","334680",65.1,70.29
2021-11-06,5688986,6222406,68.24,74.64,"1576169",1724012,61.57,67.35,"886578","987055",62.51,69.6,"1216817",1346332,74.71,82.66,"1699206",1829954,75.39,81.19,"310216","335053",65.15,70.37
2021-11-07,5691734,6229018,68.27,74.72,"1577144",1726301,61.61,67.44,"886926","987594",62.54,69.64,"1217275",1348302,74.74,82.78,"1699993",1831471,75.43,81.26,"310396","335350",65.19,70.43
2021-11-08,5698132,6244004,68.35,74.9,"1579300",1730563,61.69,67.6,"888403","989707",62.64,69.79,"1218113",1352815,74.79,83.06,"1701534",1835010,75.49,81.42,"310782","335909",65.27,70.55
2021-11-09,5704085,6260010,68.42,75.09,"1581310",1734558,61.77,67.76,"889798","992326",62.74,69.97,"1218947",1357677,74.84,83.36,"1702923",1838912,75.56,81.59,"311107","336537",65.34,70.68
2021-11-10,5709984,6276721,68.49,75.29,"1583165",1739528,61.84,67.95,"891207","995607",62.84,70.2,"1219798",1361385,74.89,83.59,"1704402",1843086,75.62,81.77,"311412","337115",65.4,70.8
2021-11-11,5715755,6288751,68.56,75.43,"1585163",1743206,61.92,68.1,"892458","997246",62.93,70.32,"1220607",1364917,74.94,83.8,"1705764",1845782,75.68,81.89,"311763","337600",65.48,70.9
2021-11-12,5721957,6305486,68.63,75.63,"1587308",1749279,62.01,68.33,"893750","999648",63.02,70.49,"1221426",1368464,74.99,84.02,"1707339",1849713,75.75,82.07,"312134","338382",65.55,71.07
2021-11-13,5726077,6315007,68.68,75.75,"1588720",1752214,62.06,68.45,"894494","1000756",63.07,70.56,"1221925",1371263,75.02,84.19,"1708530",1851976,75.8,82.17,"312408","338798",65.61,71.15
2021-11-14,5728648,6320721,68.72,75.82,"1589649",1754037,62.1,68.52,"894848","1001399",63.1,70.61,"1222237",1372834,75.04,84.29,"1709303",1853386,75.84,82.23,"312611","339065",65.65,71.21
2021-11-15,5735117,6333841,68.79,75.97,"1591845",1757841,62.18,68.67,"896334","1003489",63.2,70.76,"1223210",1376326,75.1,84.5,"1710741",1856559,75.9,82.37,"312987","339626",65.73,71.33
2021-11-16,5741324,6343504,68.87,76.09,"1593928",1760752,62.27,68.78,"897759","1005046",63.3,70.87,"1224136",1379159,75.16,84.68,"1712144",1858577,75.97,82.46,"313357","339970",65.81,71.4
2021-11-17,5748233,6353458,68.95,76.21,"1596262",1763804,62.36,68.9,"899371","1006751",63.42,70.99,"1225096",1381823,75.22,84.84,"1713671",1860746,76.03,82.56,"313833","340334",65.91,71.48
2021-11-18,5755078,6363909,69.03,76.33,"1598666",1766984,62.45,69.03,"900945","1008347",63.53,71.1,"1226024",1384667,75.28,85.02,"1715117",1863133,76.1,82.66,"314326","340778",66.02,71.57
2021-11-19,5761897,6375525,69.11,76.47,"1600969",1770383,62.54,69.16,"902528","1010361",63.64,71.24,"1227020",1387592,75.34,85.2,"1716624",1865894,76.16,82.79,"314756","341295",66.11,71.68
2021-11-20,5765610,6384568,69.16,76.58,"1602304",1773208,62.59,69.27,"903190","1011455",63.69,71.32,"1227516",1389644,75.37,85.32,"1717581",1868480,76.21,82.9,"315019","341781",66.16,71.78
2021-11-21,5767634,6389091,69.18,76.64,"1603052",1774616,62.62,69.32,"903471","1011844",63.71,71.35,"1227815",1390866,75.39,85.4,"1718142",1869778,76.23,82.96,"315154","341987",66.19,71.82
2021-11-22,5773841,6399288,69.26,76.76,"1605221",1777627,62.71,69.44,"904795","1013635",63.8,71.47,"1228626",1393385,75.44,85.55,"1719614",1872176,76.3,83.07,"315585","342465",66.28,71.92
2021-11-23,5779079,6408764,69.32,76.87,"1607015",1780174,62.78,69.54,"905860","1015203",63.87,71.58,"1229498",1396005,75.49,85.71,"1720803",1874478,76.35,83.17,"315903","342904",66.35,72.02
2021-11-24,5784185,6417232,69.38,76.97,"1608779",1782782,62.85,69.64,"906846","1016469",63.94,71.67,"1230381",1398027,75.54,85.84,"1722004",1876703,76.4,83.27,"316175","343251",66.4,72.09
2021-11-25,5784577,6417704,69.39,76.98,"1608984",1783099,62.85,69.65,"906900","1016503",63.95,71.68,"1230440",1398093,75.55,85.84,"1722062",1876749,76.41,83.27,"316191","343260",66.41,72.09
2021-11-26,5791563,6425275,69.47,77.07,"1611386",1785306,62.95,69.74,"907876","1017387",64.02,71.74,"1231919",1399844,75.64,85.95,"1723769",1879049,76.48,83.37,"316613","343689",66.5,72.18
2021-11-27,5798201,6431533,69.55,77.15,"1613905",1787234,63.05,69.82,"908616","1018153",64.07,71.79,"1233265",1401071,75.72,86.02,"1725490",1881075,76.56,83.46,"316925","344000",66.56,72.25
2021-11-28,5803607,6435406,69.61,77.19,"1616125",1788434,63.13,69.86,"908960","1018483",64.09,71.81,"1234551",1401991,75.8,86.08,"1726810",1882289,76.62,83.51,"317161","344209",66.61,72.29
2021-11-29,5814409,6444254,69.74,77.3,"1619602",1791107,63.27,69.97,"910783","1020084",64.22,71.93,"1237440",1404152,75.98,86.21,"1728995",1884323,76.71,83.6,"317589","344588",66.7,72.37
2021-11-30,5825353,6454227,69.88,77.42,"1622846",1793880,63.39,70.08,"912619","1022019",64.35,72.06,"1240549",1406616,76.17,86.36,"1731292",1886763,76.81,83.71,"318047","344949",66.8,72.45
2021-12-01,5836442,6464990,70.01,77.55,"1626297",1796938,63.53,70.2,"914598","1023981",64.49,72.2,"1243129",1409258,76.33,86.53,"1733906",1889323,76.93,83.83,"318512","345490",66.89,72.56
2021-12-02,5847435,6475845,70.14,77.68,"1629561",1800003,63.66,70.32,"916380","1025861",64.62,72.34,"1246012",1411862,76.5,86.69,"1736467",1892129,77.04,83.95,"319015","345990",67,72.67
2021-12-03,5860217,6488655,70.29,77.83,"1633388",1803441,63.81,70.45,"918371","1028232",64.76,72.5,"1249259",1414651,76.7,86.86,"1739594",1895770,77.18,84.11,"319605","346561",67.12,72.79
2021-12-04,5871045,6498048,70.42,77.94,"1637020",1806077,63.95,70.55,"919682","1029593",64.85,72.6,"1252146",1416398,76.88,86.96,"1742169",1898958,77.3,84.25,"320028","347022",67.21,72.88
2021-12-05,5876547,6503344,70.49,78.01,"1638905",1807687,64.02,70.62,"920285","1030084",64.89,72.63,"1253377",1417539,76.96,87.03,"1743722",1900735,77.37,84.33,"320258","347299",67.26,72.94
2021-12-06,5886529,6514983,70.61,78.15,"1642139",1810988,64.15,70.74,"922105","1032225",65.02,72.78,"1255482",1420121,77.08,87.19,"1746124",1903840,77.47,84.47,"320679","347809",67.35,73.05
2021-12-07,5895788,6526654,70.72,78.29,"1645005",1814306,64.26,70.87,"923819","1034334",65.14,72.93,"1257716",1422953,77.22,87.37,"1748116",1906800,77.56,84.6,"321132","348261",67.44,73.14
2021-12-08,5904546,6539185,70.82,78.44,"1648109",1818598,64.38,71.04,"925511","1036481",65.26,73.08,"1259445",1425584,77.33,87.53,"1749962",1909742,77.64,84.73,"321519","348780",67.53,73.25
2021-12-09,5913297,6551594,70.93,78.59,"1651137",1822618,64.5,71.2,"927016","1038624",65.37,73.24,"1261243",1428281,77.44,87.69,"1751965",1912662,77.73,84.86,"321936","349409",67.61,73.38
2021-12-10,5923458,6564818,71.05,78.74,"1654119",1826157,64.62,71.34,"928758","1040843",65.49,73.39,"1263448",1431230,77.57,87.88,"1754679",1916517,77.85,85.03,"322454","350071",67.72,73.52
2021-12-11,5931430,6574541,71.15,78.86,"1656689",1829105,64.72,71.45,"929820","1042236",65.56,73.49,"1265200",1433138,77.68,87.99,"1756838",1919499,77.95,85.17,"322883","350563",67.81,73.63
2021-12-12,5935226,6580103,71.19,78.93,"1657962",1830877,64.77,71.52,"930177","1042691",65.59,73.52,"1265946",1434407,77.73,88.07,"1758022",1921249,78,85.24,"323119","350879",67.86,73.69
2021-12-13,5942919,6591739,71.29,79.07,"1660374",1834259,64.86,71.65,"931665","1044707",65.69,73.66,"1267426",1437059,77.82,88.23,"1759934",1924280,78.09,85.38,"323520","351434",67.95,73.81
2021-12-14,5950099,6603192,71.37,79.21,"1662475",1837552,64.94,71.78,"933157","1046710",65.8,73.81,"1268861",1439977,77.91,88.41,"1761715",1927007,78.16,85.5,"323891","351946",68.02,73.92
2021-12-15,5956610,6614395,71.45,79.34,"1664525",1840848,65.02,71.91,"934417","1048655",65.89,73.94,"1270057",1442709,77.98,88.58,"1763417",1929732,78.24,85.62,"324194","352451",68.09,74.02
2021-12-16,5961152,6626354,71.5,79.48,"1665944",1844306,65.08,72.05,"935342","1050834",65.95,74.1,"1270949",1445737,78.03,88.77,"1764469",1932479,78.29,85.74,"324448","352998",68.14,74.14
2021-12-17,5968146,6641030,71.59,79.66,"1668003",1848381,65.16,72.21,"936701","1053789",66.05,74.3,"1272156",1448956,78.11,88.96,"1766438",1936224,78.37,85.91,"324848","353680",68.22,74.28
2021-12-18,5973775,6653208,71.66,79.81,"1669818",1852198,65.23,72.35,"937555","1055806",66.11,74.45,"1272957",1451208,78.16,89.1,"1768265",1939760,78.46,86.06,"325180","354236",68.29,74.4
2021-12-19,5976804,6659747,71.69,79.88,"1670833",1854235,65.27,72.43,"937860","1056540",66.13,74.5,"1273410",1452628,78.19,89.19,"1769324",1941811,78.5,86.15,"325377","354533",68.34,74.46
2021-12-20,5982884,6675295,71.76,80.07,"1672773",1858915,65.35,72.62,"939102","1059506",66.22,74.71,"1274422",1455858,78.25,89.39,"1770877",1945730,78.57,86.33,"325710","355286",68.41,74.62
2021-12-21,5989628,6692011,71.85,80.27,"1674736",1863839,65.42,72.81,"940668","1062821",66.33,74.94,"1275574",1459089,78.32,89.59,"1772584",1950103,78.65,86.52,"326066","356159",68.48,74.8
2021-12-22,5996506,6709225,71.93,80.48,"1676832",1868988,65.5,73.01,"942131","1066311",66.43,75.19,"1276656",1462258,78.38,89.78,"1774397",1954545,78.73,86.72,"326490","357123",68.57,75
2021-12-23,6003342,6726903,72.01,80.69,"1678920",1874385,65.59,73.22,"943515","1069868",66.53,75.44,"1277728",1465319,78.45,89.97,"1776286",1959221,78.81,86.93,"326893","358110",68.65,75.21
2021-12-24,6006683,6735798,72.05,80.8,"1680150",1877522,65.63,73.34,"943930","1071190",66.56,75.53,"1278110",1466741,78.47,90.06,"1777394",1961799,78.86,87.04,"327099","358546",68.7,75.3
2021-12-25,6006761,6736089,72.05,80.8,"1680174",1877622,65.63,73.35,"943944","1071216",66.56,75.53,"1278118",1466784,78.47,90.06,"1777419",1961901,78.86,87.05,"327106","358566",68.7,75.31
2021-12-26,6010766,6743846,72.1,80.89,"1681394",1880114,65.68,73.44,"944404","1072046",66.59,75.59,"1278559",1468045,78.5,90.14,"1779049",1964552,78.93,87.16,"327360","359089",68.75,75.42
2021-12-27,6020395,6764821,72.21,81.14,"1684217",1886487,65.79,73.69,"946386","1076352",66.73,75.9,"1279711",1471036,78.57,90.32,"1782182",1970569,79.07,87.43,"327899","360377",68.87,75.69
2021-12-28,6028938,6783813,72.32,81.37,"1686701",1891876,65.89,73.9,"948164","1080182",66.86,76.17,"1280792",1474063,78.64,90.51,"1784887",1976277,79.19,87.68,"328394","361415",68.97,75.9
2021-12-29,6036735,6801004,72.41,81.58,"1689244",1896764,65.99,74.1,"949701","1083772",66.96,76.42,"1281781",1476791,78.7,90.67,"1787127",1981381,79.29,87.91,"328882","362296",69.07,76.09
2021-12-30,6044275,6816600,72.5,81.77,"1691784",1901155,66.09,74.27,"951228","1086970",67.07,76.64,"1282743",1479318,78.76,90.83,"1789215",1986081,79.38,88.12,"329305","363076",69.16,76.25
2021-12-31,6047122,6821422,72.54,81.82,"1692868",1902844,66.13,74.33,"951603","1087770",67.1,76.7,"1283004",1479906,78.77,90.86,"1790145",1987528,79.43,88.18,"329502","363374",69.2,76.32
2022-01-01,6047254,6821643,72.54,81.83,"1692900",1902904,66.13,74.34,"951624","1087798",67.1,76.7,"1283025",1479946,78.78,90.87,"1790201",1987612,79.43,88.19,"329504","363383",69.2,76.32
2022-01-02,6052145,6827847,72.6,81.9,"1694508",1904943,66.19,74.41,"952156","1088517",67.14,76.75,"1283645",1480872,78.81,90.92,"1792035",1989831,79.51,88.29,"329801","363684",69.27,76.38
2022-01-03,6060743,6841443,72.7,82.06,"1697098",1909200,66.3,74.58,"953916","1091315",67.26,76.95,"1284813",1482842,78.89,91.04,"1794602",1993670,79.62,88.46,"330314","364416",69.37,76.53
2022-01-04,6068853,6853779,72.8,82.21,"1699570",1912853,66.39,74.72,"955697","1093884",67.39,77.13,"1286065",1484927,78.96,91.17,"1796799",1997027,79.72,88.6,"330722","365088",69.46,76.68
2022-01-05,6075662,6864554,72.88,82.34,"1701624",1916025,66.47,74.85,"957193","1096227",67.49,77.3,"1287065",1486778,79.02,91.29,"1798683",1999872,79.8,88.73,"331097","365652",69.54,76.79
2022-01-06,6082941,6875115,72.96,82.47,"1703830",1919218,66.56,74.97,"958883","1098472",67.61,77.45,"1288137",1488557,79.09,91.4,"1800621",2002686,79.89,88.86,"331470","366182",69.62,76.91
2022-01-07,6090801,6884415,73.06,82.58,"1706136",1921852,66.65,75.08,"960428","1100413",67.72,77.59,"1289365",1490250,79.16,91.5,"1802996",2005271,80,88.97,"331876","366629",69.7,77
2022-01-08,6098719,6891393,73.15,82.66,"1708870",1924041,66.76,75.16,"961743","1101705",67.81,77.68,"1290400",1491185,79.23,91.56,"1805424",2007495,80.1,89.07,"332282","366967",69.79,77.07
2022-01-09,6102304,6895061,73.2,82.71,"1710076",1925257,66.8,75.21,"962113","1102099",67.84,77.71,"1290903",1491715,79.26,91.59,"1806726",2008770,80.16,89.13,"332486","367220",69.83,77.12
2022-01-10,6109853,6903472,73.29,82.81,"1712354",1927814,66.89,75.31,"963843","1103879",67.96,77.84,"1291978",1493079,79.33,91.67,"1808747",2011009,80.25,89.23,"332931","367691",69.92,77.22
2022-01-11,6113036,6906598,73.33,82.84,"1713325",1928691,66.93,75.34,"964728","1104661",68.02,77.89,"1292426",1493637,79.35,91.71,"1809469",2011739,80.28,89.26,"333088","367870",69.96,77.26
