"DATE","CITY_COUNT_FULLY_CUMULATIVE","CITY_COUNT_1PLUS_CUMULATIVE","CITY_PERC_FULLY","CITY_PERC_1PLUS","COUNT_FULLY_CUMULATIVE_AIAN","COUNT_1PLUS_CUMULATIVE_AIAN","PERC_FULLY_AIAN","PERC_1PLUS_AIAN","COUNT_FULLY_CUMULATIVE_ASIAN_NHPI","COUNT_1PLUS_CUMULATIVE_ASIAN_NHPI","PERC_FULLY_ASIAN_NHPI","PERC_1PLUS_ASIAN_NHPI","COUNT_FULLY_CUMULATIVE_BLACK","COUNT_1PLUS_CUMULATIVE_BLACK","PERC_FULLY_BLACK","PERC_1PLUS_BLACK","COUNT_FULLY_CUMULATIVE_HISP_LATINO","COUNT_1PLUS_CUMULATIVE_HISP_LATINO","PERC_FULLY_HISP_LATINO","PERC_1PLUS_HISP_LATINO","COUNT_FULLY_CUMULATIVE_WHITE","COUNT_1PLUS_CUMULATIVE_WHITE","PERC_FULLY_WHITE","PERC_1PLUS_WHITE","COUNT_FULLY_CUMULATIVE_OTHER","COUNT_1PLUS_CUMULATIVE_OTHER","COUNT_FULLY_CUMULATIVE_UNKNOWN","COUNT_1PLUS_CUMULATIVE_UNKNOWN"
2020-12-14,14,96,0,0,"<10","<10",0,0,"<10",10,0,0,"<10",12,0,0,"<10","<10",0,0,"<10",52,0,0,"<10","<10","<10","<10"
2020-12-15,38,1663,0,0.02,"<10","<10",0,0.04,"<10",278,0,0.02,"<10",134,0,0.01,"11","153",0,0.01,"11",754,0,0.03,"<10","139","<10","198"
2020-12-16,63,5133,0,0.06,"<10","20",0,0.11,"<10",877,0,0.07,"<10",453,0,0.02,"16","455",0,0.02,"23",2228,0,0.08,"<10","454","<10","646"
2020-12-17,89,8977,0,0.11,"<10","33",0,0.17,"12",1671,0,0.14,"14",797,0,0.04,"18","809",0,0.03,"35",3723,0,0.14,"<10","775","<10","1169"
2020-12-18,132,13714,0,0.16,"<10","51",0,0.27,"19",2655,0,0.22,"23",1280,0,0.07,"21","1243",0,0.05,"56",5542,0,0.21,"<10","1215","<10","1728"
2020-12-19,142,15111,0,0.18,"<10","57",0,0.3,"22",2966,0,0.24,"24",1404,0,0.08,"21","1365",0,0.06,"62",6069,0,0.23,"<10","1355","<10","1895"
2020-12-20,148,15962,0,0.19,"<10","62",0,0.33,"25",3138,0,0.25,"25",1480,0,0.08,"21","1424",0,0.06,"64",6403,0,0.24,"<10","1407","<10","2048"
2020-12-21,174,21346,0,0.26,"<10","80",0,0.42,"29",3958,0,0.32,"29",2106,0,0.12,"27","2376",0,0.1,"71",8268,0,0.31,"10","2011","<10","2547"
2020-12-22,210,29213,0,0.35,"<10","105",0,0.56,"35",5296,0,0.43,"33",2993,0,0.16,"34","3366",0,0.14,"84",10963,0,0.41,"12","3001","12","3489"
2020-12-23,256,40280,0,0.48,"<10","132",0,0.7,"38",7030,0,0.57,"41",4319,0,0.24,"38","4717",0,0.19,"107",14865,0,0.55,"16","4449","16","4768"
2020-12-24,283,45850,0,0.55,"<10","147",0,0.78,"45",8160,0,0.66,"43",4968,0,0.27,"39","5349",0,0.22,"112",16805,0,0.63,"25","5080","19","5341"
2020-12-25,284,46051,0,0.55,"<10","150",0,0.8,"45",8213,0,0.67,"43",4995,0,0.27,"39","5362",0,0.22,"113",16884,0,0.63,"25","5086","19","5361"
2020-12-26,323,49094,0,0.59,"<10","157",0,0.83,"50",8895,0,0.72,"52",5282,0,0.29,"44","5703",0,0.24,"123",18032,0,0.67,"32","5420","22","5605"
2020-12-27,337,51634,0,0.62,"<10","161",0,0.85,"52",9311,0,0.75,"54",5510,0,0.3,"45","5975",0,0.25,"130",19175,0,0.71,"33","5703","23","5799"
2020-12-28,402,60194,0,0.72,"<10","193",0,1.02,"64",10703,0.01,0.87,"60",6616,0,0.36,"59","7583",0,0.31,"155",21839,0.01,0.81,"37","6598","27","6662"
2020-12-29,463,69051,0.01,0.83,"<10","221",0,1.17,"73",12007,0.01,0.97,"71",7881,0,0.43,"64","8774",0,0.36,"184",24682,0.01,0.92,"40","7832","31","7654"
2020-12-30,537,79293,0.01,0.95,"<10","243",0,1.29,"83",13544,0.01,1.1,"84",9363,0,0.51,"71","10111",0,0.42,"217",27777,0.01,1.04,"47","9391","35","8864"
2020-12-31,573,85255,0.01,1.02,"<10","259",0,1.37,"88",14529,0.01,1.18,"90",10213,0,0.56,"79","10938",0,0.45,"229",29714,0.01,1.11,"48","9921","39","9681"
2021-01-01,637,85895,0.01,1.03,"<10","259",0,1.37,"105",14633,0.01,1.19,"97",10283,0.01,0.56,"88","11031",0,0.46,"254",30001,0.01,1.12,"51","9958","42","9730"
2021-01-02,660,88822,0.01,1.07,"<10","272",0,1.44,"110",15180,0.01,1.23,"99",10622,0.01,0.58,"91","11365",0,0.47,"262",31136,0.01,1.16,"53","10180","45","10067"
2021-01-03,697,91631,0.01,1.1,"<10","277",0,1.47,"115",15604,0.01,1.26,"104",10948,0.01,0.6,"95","11654",0,0.48,"278",32308,0.01,1.2,"58","10383","47","10457"
2021-01-04,1357,101759,0.02,1.22,"<10","320",0,1.7,"223",17069,0.02,1.38,"141",12374,0.01,0.68,"148","13058",0.01,0.54,"597",35603,0.02,1.33,"111","11407","137","11928"
2021-01-05,3065,113589,0.04,1.36,"<10","365",0.05,1.93,"519",18564,0.04,1.5,"287",14131,0.02,0.77,"299","14844",0.01,0.61,"1332",39306,0.05,1.47,"260","12547","359","13832"
2021-01-06,6078,128366,0.07,1.54,"19","403",0.1,2.14,"1050",20566,0.09,1.67,"583",16369,0.03,0.9,"560","16948",0.02,0.7,"2533",43683,0.09,1.63,"524","14039","809","16358"
2021-01-07,10261,142465,0.12,1.71,"38","440",0.2,2.33,"1863",22515,0.15,1.83,"968",18470,0.05,1.01,"944","19044",0.04,0.79,"4228",47994,0.16,1.79,"876","15390","1344","18612"
2021-01-08,14679,156289,0.18,1.87,"59","483",0.31,2.56,"2798",24821,0.23,2.01,"1395",20309,0.08,1.11,"1344","21011",0.06,0.87,"5886",52160,0.22,1.94,"1336","16791","1861","20714"
2021-01-09,15841,163017,0.19,1.96,"62","502",0.33,2.66,"3054",26016,0.25,2.11,"1514",21012,0.08,1.15,"1456","21815",0.06,0.9,"6328",54767,0.24,2.04,"1450","17332","1977","21573"
2021-01-10,16653,169641,0.2,2.03,"65","526",0.34,2.79,"3229",27743,0.26,2.25,"1581",21568,0.09,1.18,"1518","22665",0.06,0.94,"6678",57321,0.25,2.14,"1497","17802","2085","22016"
2021-01-11,22761,189607,0.27,2.27,"82","569",0.43,3.02,"4154",30122,0.34,2.44,"2270",23420,0.12,1.28,"2546","25231",0.11,1.04,"8815",65884,0.33,2.46,"2111","19395","2783","24986"
2021-01-12,29138,212220,0.35,2.55,"97","632",0.51,3.35,"5251",33022,0.43,2.68,"2994",25621,0.16,1.4,"3416","27988",0.14,1.15,"10948",75762,0.41,2.82,"2911","21187","3521","28008"
2021-01-13,36563,237860,0.44,2.85,"114","709",0.6,3.76,"6356",36120,0.52,2.93,"3986",28234,0.22,1.55,"4335","31371",0.18,1.29,"13385",87711,0.5,3.27,"4097","23107","4290","30608"
2021-01-14,40653,266113,0.49,3.19,"125","816",0.66,4.33,"7143",39843,0.58,3.23,"4485",30796,0.25,1.69,"4754","35054",0.2,1.45,"14836",101055,0.55,3.77,"4522","25166","4788","33383"
2021-01-15,43510,289114,0.52,3.47,"141","879",0.75,4.66,"7756",43207,0.63,3.5,"4877",33428,0.27,1.83,"5118","38484",0.21,1.59,"15736",110781,0.59,4.13,"4852","26882","5030","35453"
2021-01-16,45173,312882,0.54,3.75,"147","963",0.78,5.1,"8131",46800,0.66,3.79,"5063",35600,0.28,1.95,"5296","41778",0.22,1.72,"16309",122690,0.61,4.57,"5085","28257","5142","36794"
2021-01-17,46254,331015,0.55,3.97,"150","1022",0.8,5.42,"8308",49752,0.67,4.03,"5173",37072,0.28,2.03,"5392","43843",0.22,1.81,"16783",132409,0.63,4.94,"5232","29353","5216","37564"
2021-01-18,48548,352970,0.58,4.23,"157","1083",0.83,5.74,"8545",52814,0.69,4.28,"5500",39102,0.3,2.14,"6030","46555",0.25,1.92,"17353",143666,0.65,5.36,"5495","30828","5468","38922"
2021-01-19,56414,379599,0.68,4.55,"179","1154",0.95,6.12,"9600",56615,0.78,4.59,"6730",41888,0.37,2.29,"7181","50174",0.3,2.07,"19735",156566,0.74,5.84,"6625","32504","6364","40698"
2021-01-20,63860,407528,0.77,4.89,"197","1244",1.04,6.59,"10715",60521,0.87,4.91,"7793",44439,0.43,2.43,"7995","53810",0.33,2.22,"21968",170766,0.82,6.37,"7819","34356","7373","42392"
2021-01-21,69945,427684,0.84,5.13,"212","1310",1.12,6.94,"11673",62835,0.95,5.09,"8581",46705,0.47,2.56,"8797","56687",0.36,2.34,"24309",180242,0.91,6.72,"8311","35765","8062","44140"
2021-01-22,73288,447220,0.88,5.36,"221","1380",1.17,7.32,"12308",65486,1,5.31,"9005",48871,0.49,2.68,"9236","59876",0.38,2.47,"25516",188718,0.95,7.04,"8643","37147","8359","45742"
2021-01-23,75693,459338,0.91,5.51,"227","1416",1.2,7.51,"12762",67211,1.03,5.45,"9254",50108,0.51,2.74,"9512","61702",0.39,2.55,"26481",194063,0.99,7.24,"8847","37945","8610","46893"
2021-01-24,78229,464523,0.94,5.57,"233","1428",1.24,7.57,"13193",68227,1.07,5.53,"9460",50518,0.52,2.77,"9746","62208",0.4,2.57,"27613",196474,1.03,7.33,"9011","38348","8973","47320"
2021-01-25,87487,475700,1.05,5.71,"264","1466",1.4,7.77,"14548",69839,1.18,5.66,"10791",51978,0.59,2.85,"11069","63768",0.46,2.63,"30733",201125,1.15,7.5,"9996","39167","10086","48357"
2021-01-26,96050,489173,1.15,5.87,"289","1498",1.53,7.94,"15747",71683,1.28,5.81,"12106",53577,0.66,2.93,"12303","65762",0.51,2.71,"33529",206748,1.25,7.71,"10913","40161","11163","49744"
2021-01-27,106053,506006,1.27,6.07,"319","1545",1.69,8.19,"17075",74221,1.38,6.02,"13575",55627,0.74,3.05,"13581","68098",0.56,2.81,"36587",213957,1.36,7.98,"12057","41264","12859","51294"
2021-01-28,115778,531462,1.39,6.37,"348","1621",1.84,8.59,"18503",78259,1.5,6.34,"14898",58382,0.82,3.2,"14933","72131",0.62,2.98,"39641",225177,1.48,8.4,"13084","43035","14371","52857"
2021-01-29,124520,557290,1.49,6.68,"374","1696",1.98,8.99,"20092",82555,1.63,6.69,"15972",61448,0.87,3.37,"16113","76275",0.66,3.15,"42255",236069,1.58,8.8,"13886","44752","15828","54495"
2021-01-30,127831,572859,1.53,6.87,"387","1745",2.05,9.25,"20700",84999,1.68,6.89,"16378",63581,0.9,3.48,"16540","79278",0.68,3.27,"43498",241757,1.62,9.01,"14160","45902","16168","55597"
2021-01-31,130463,583620,1.56,7,"398","1778",2.11,9.43,"21097",86981,1.71,7.05,"16694",65012,0.91,3.56,"16847","80676",0.7,3.33,"44656",246344,1.67,9.19,"14378","46592","16393","56237"
2021-02-01,135541,585375,1.63,7.02,"415","1781",2.2,9.44,"21711",87166,1.76,7.07,"17355",65261,0.95,3.57,"17471","80930",0.72,3.34,"46563",247038,1.74,9.21,"14891","46788","17135","56411"
2021-02-02,144006,588328,1.73,7.06,"441","1793",2.34,9.5,"22760",87712,1.84,7.11,"18351",65607,1.01,3.59,"18497","81367",0.76,3.36,"49602",248162,1.85,9.25,"15701","47026","18654","56661"
2021-02-03,161666,602077,1.94,7.22,"508","1833",2.69,9.72,"24641",89653,2,7.27,"20772",67804,1.14,3.71,"21004","83677",0.87,3.45,"56597",253111,2.11,9.44,"17134","48029","21010","57970"
2021-02-04,178138,625770,2.14,7.51,"555","1916",2.94,10.16,"26594",93559,2.16,7.58,"22792",71201,1.25,3.9,"23266","87861",0.96,3.63,"63515",262325,2.37,9.78,"18432","49354","22984","59554"
2021-02-05,194523,650241,2.33,7.8,"604","1992",3.2,10.56,"28782",97970,2.33,7.94,"24889",74508,1.36,4.08,"25617","92707",1.06,3.83,"69785",270938,2.6,10.1,"19892","50836","24954","61290"
2021-02-06,203474,670951,2.44,8.05,"638","2066",3.38,10.95,"30145",101657,2.44,8.24,"25894",77410,1.42,4.24,"26818","96791",1.11,3.99,"73490",278094,2.74,10.37,"20604","52030","25885","62903"
2021-02-07,209827,681653,2.52,8.18,"660","2093",3.5,11.1,"31480",103894,2.55,8.42,"26337",78453,1.44,4.3,"27662","98792",1.14,4.08,"76276",282295,2.84,10.53,"21132","52651","26280","63475"
2021-02-08,228264,696529,2.74,8.35,"709","2136",3.76,11.32,"33437",106174,2.71,8.61,"28367",80413,1.55,4.4,"29932","101779",1.24,4.2,"84149",287354,3.14,10.71,"22798","53451","28872","65222"
2021-02-09,249928,711680,3,8.54,"757","2182",4.01,11.57,"36083",108400,2.92,8.79,"30714",82500,1.68,4.52,"32549","105131",1.34,4.34,"93884",292278,3.5,10.9,"24380","54292","31561","66897"
2021-02-10,272740,728670,3.27,8.74,"833","2235",4.42,11.85,"38990",110958,3.16,8.99,"32950",85174,1.8,4.66,"35469","108745",1.46,4.49,"104693",297441,3.9,11.09,"26095","55414","33710","68703"
2021-02-11,298385,753487,3.58,9.04,"909","2318",4.82,12.29,"42158",115200,3.42,9.34,"35296",88272,1.93,4.83,"39074","113433",1.61,4.68,"116996",306622,4.36,11.43,"27912","56917","36040","70725"
2021-02-12,322009,786366,3.86,9.43,"984","2431",5.22,12.89,"44843",120170,3.64,9.74,"37665",92842,2.06,5.08,"42695","119516",1.76,4.93,"128206",320031,4.78,11.93,"29598","58799","38018","72577"
2021-02-13,341085,809698,4.09,9.71,"1042","2530",5.52,13.41,"47409",125209,3.84,10.15,"39543",95417,2.17,5.23,"45507","123867",1.88,5.11,"137246",328910,5.12,12.26,"30818","60079","39520","73686"
2021-02-14,359719,823541,4.31,9.88,"1099","2578",5.83,13.67,"50702",128195,4.11,10.39,"40759",97151,2.23,5.32,"47517","126306",1.96,5.21,"147486",333977,5.5,12.45,"31896","60891","40260","74443"
2021-02-15,368249,834605,4.42,10.01,"1116","2606",5.92,13.81,"51956",129934,4.21,10.53,"41835",98487,2.29,5.39,"48536","128187",2,5.29,"151117",338244,5.63,12.61,"32593","61697","41096","75450"
2021-02-16,388984,846674,4.67,10.16,"1176","2638",6.23,13.98,"54600",131451,4.43,10.66,"44245",100113,2.42,5.48,"51554","130609",2.13,5.39,"160398",342914,5.98,12.79,"34183","62412","42828","76537"
2021-02-17,406345,859899,4.87,10.31,"1231","2695",6.53,14.29,"56711",133068,4.6,10.79,"46249",101886,2.53,5.58,"54091","133419",2.23,5.51,"168395",348018,6.28,12.98,"35436","63107","44232","77706"
2021-02-18,427009,870155,5.12,10.44,"1286","2722",6.82,14.43,"59691",134434,4.84,10.9,"48317",103191,2.65,5.65,"57364","135475",2.37,5.59,"178028",352036,6.64,13.13,"36930","63735","45393","78562"
2021-02-19,446482,881054,5.36,10.57,"1364","2748",7.23,14.57,"63015",135888,5.11,11.02,"50396",104710,2.76,5.73,"60630","137660",2.5,5.68,"186205",356207,6.94,13.28,"38260","64357","46612","79484"
2021-02-20,467542,890599,5.61,10.68,"1439","2785",7.63,14.76,"66292",137226,5.37,11.12,"52243",106086,2.86,5.81,"64125","139691",2.65,5.76,"196333",359638,7.32,13.41,"39487","64896","47623","80277"
2021-02-21,481343,895623,5.77,10.74,"1473","2800",7.81,14.84,"68762",137902,5.57,11.18,"53149",106777,2.91,5.85,"65617","140643",2.71,5.8,"203943",361673,7.6,13.49,"40175","65156","48224","80672"
2021-02-22,491558,906366,5.9,10.87,"1505","2831",7.98,15.01,"70091",139323,5.68,11.29,"54640",107932,2.99,5.91,"67253","142608",2.77,5.88,"207978",366242,7.75,13.66,"41011","65773","49080","81657"
2021-02-23,503874,927625,6.04,11.13,"1539","2888",8.16,15.31,"72169",142735,5.85,11.57,"56480",110303,3.09,6.04,"68975","146801",2.85,6.06,"212919",374635,7.94,13.97,"41806","67097","49986","83166"
2021-02-24,521249,959112,6.25,11.5,"1601","2993",8.49,15.87,"74759",148600,6.06,12.05,"59219",114972,3.24,6.3,"71719","152766",2.96,6.3,"219662",385752,8.19,14.38,"42874","68888","51415","85141"
2021-02-25,546789,1006921,6.56,12.08,"1687","3125",8.94,16.57,"78773",158350,6.39,12.84,"62565",120952,3.43,6.62,"75865","161391",3.13,6.66,"230652",403919,8.6,15.06,"44295","71664","52952","87520"
2021-02-26,573807,1060965,6.88,12.73,"1765","3258",9.36,17.27,"83027",168844,6.73,13.69,"66108",128030,3.62,7.01,"80497","171600",3.32,7.08,"241844",424333,9.02,15.82,"45894","74464","54672","90436"
2021-02-27,593652,1105365,7.12,13.26,"1817","3400",9.63,18.02,"86281",178579,6.99,14.48,"68314",134235,3.74,7.35,"84253","180431",3.48,7.44,"249741",439261,9.31,16.38,"47024","76981","56222","92478"
2021-02-28,605947,1143752,7.27,13.72,"1856","3520",9.84,18.66,"88747",188262,7.19,15.26,"69950",138549,3.83,7.59,"86514","187007",3.57,7.72,"254396",453075,9.49,16.89,"47672","79190","56812","94149"
2021-03-01,617934,1178172,7.41,14.13,"1893","3661",10.03,19.41,"90194",194784,7.31,15.79,"71575",143803,3.92,7.88,"88977","193239",3.67,7.97,"258729",465630,9.65,17.36,"48465","80849","58101","96206"
2021-03-02,629451,1217301,7.55,14.6,"1932","3802",10.24,20.15,"91515",202362,7.42,16.4,"73335",149571,4.02,8.19,"91572","200528",3.78,8.27,"262658",479791,9.79,17.89,"49130","82599","59309","98648"
2021-03-03,643821,1258248,7.72,15.09,"1972","3920",10.45,20.78,"93398",210316,7.57,17.05,"75829",155429,4.15,8.51,"94475","208781",3.9,8.61,"267094",493879,9.96,18.41,"50071","84736","60982","101187"
2021-03-04,665572,1309224,7.98,15.7,"2054","4100",10.89,21.73,"96819",220202,7.85,17.85,"79183",162688,4.34,8.91,"98814","219520",4.08,9.06,"274417",511311,10.23,19.06,"51393","87538","62892","103865"
2021-03-05,689955,1362196,8.28,16.34,"2119","4277",11.23,22.67,"101212",230238,8.2,18.66,"82673",170503,4.53,9.34,"104006","231490",4.29,9.55,"282022",527969,10.52,19.69,"52999","90547","64924","107172"
2021-03-06,710673,1405427,8.52,16.86,"2192","4428",11.62,23.47,"105234",239231,8.53,19.39,"85450",176968,4.68,9.69,"108369","241142",4.47,9.95,"289033",541140,10.78,20.18,"54151","92988","66244","109530"
2021-03-07,728136,1438952,8.73,17.26,"2249","4526",11.92,23.99,"108694",246522,8.81,19.98,"87257",181817,4.78,9.96,"111731","247541",4.61,10.21,"295620",552134,11.02,20.59,"55154","94802","67431","111610"
2021-03-08,746788,1477967,8.96,17.73,"2298","4641",12.18,24.6,"111220",253813,9.02,20.57,"89724",187777,4.91,10.28,"115333","255551",4.76,10.54,"302496",565123,11.28,21.07,"56310","96772","69407","114290"
2021-03-09,764347,1518637,9.17,18.22,"2345","4795",12.43,25.42,"113521",260957,9.2,21.15,"91955",194463,5.04,10.65,"119110","264616",4.91,10.92,"308762",577908,11.51,21.55,"57313","98802","71341","117096"
2021-03-10,782455,1569313,9.39,18.82,"2397","4975",12.71,26.37,"115972",270163,9.4,21.9,"94395",202226,5.17,11.08,"123341","275968",5.09,11.39,"314956",594200,11.74,22.16,"58295","101668","73099","120113"
2021-03-11,806708,1627974,9.68,19.53,"2477","5148",13.13,27.29,"119841",281875,9.71,22.85,"97609",210380,5.35,11.52,"128480","289084",5.3,11.93,"323943",613434,12.08,22.87,"59614","104885","74744","123168"
2021-03-12,837006,1679735,10.04,20.15,"2584","5302",13.7,28.11,"124305",291571,10.08,23.63,"101941",218592,5.58,11.97,"134083","301559",5.53,12.44,"336706",628658,12.55,23.44,"61125","108035","76262","126018"
2021-03-13,863824,1720606,10.36,20.64,"2697","5448",14.3,28.88,"129559",300502,10.5,24.36,"105014",224863,5.75,12.32,"138908","310832",5.73,12.83,"347687",640402,12.96,23.88,"62429","110503","77530","128056"
2021-03-14,881096,1751967,10.57,21.01,"2760","5546",14.63,29.4,"133132",308756,10.79,25.03,"106879",228479,5.85,12.51,"141570","316873",5.84,13.07,"355182",650731,13.24,24.26,"63259","112206","78314","129376"
2021-03-15,900743,1786915,10.8,21.43,"2818","5671",14.94,30.06,"135914",315976,11.02,25.61,"109322",233228,5.99,12.77,"145210","324251",5.99,13.38,"363354",662108,13.55,24.69,"64409","114357","79716","131324"
2021-03-16,923569,1826484,11.08,21.91,"2884","5828",15.29,30.89,"138965",323950,11.26,26.26,"112492",239690,6.16,13.13,"149968","332909",6.19,13.74,"372089",673924,13.87,25.13,"65858","116642","81313","133541"
2021-03-17,949875,1868392,11.39,22.41,"2981","5995",15.8,31.78,"142922",332228,11.59,26.93,"117072",245764,6.41,13.46,"155198","342064",6.4,14.11,"381170",687187,14.21,25.62,"67455","119304","83077","135850"
2021-03-18,979183,1918420,11.75,23.01,"3076","6172",16.31,32.72,"147768",342372,11.98,27.75,"122379",252750,6.7,13.84,"161100","353158",6.65,14.57,"390705",703225,14.57,26.22,"69305","122423","84850","138320"
2021-03-19,1011424,1966852,12.13,23.59,"3163","6305",16.77,33.42,"152633",351563,12.37,28.5,"128269",259823,7.03,14.23,"167928","364614",6.93,15.04,"401086",717819,14.95,26.76,"71247","125607","87098","141121"
2021-03-20,1039242,2006446,12.47,24.07,"3268","6453",17.32,34.21,"157881",359774,12.8,29.16,"132980",265064,7.28,14.52,"174218","374281",7.19,15.44,"409365",729546,15.26,27.2,"72880","128093","88650","143235"
2021-03-21,1057992,2033961,12.69,24.4,"3326","6562",17.63,34.79,"162149",366406,13.14,29.7,"135925",267998,7.44,14.68,"177496","380245",7.32,15.69,"415411",738875,15.49,27.55,"73985","129692","89700","144183"
2021-03-22,1085912,2068928,13.03,24.82,"3415","6711",18.1,35.58,"166600",373234,13.5,30.25,"140873",272304,7.72,14.91,"183018","387611",7.55,15.99,"424745",751456,15.84,28.02,"75623","131690","91638","145922"
2021-03-23,1119742,2108758,13.43,25.29,"3517","6841",18.64,36.26,"172310",381473,13.97,30.92,"146545",277880,8.03,15.22,"189890","396017",7.84,16.34,"435788",764514,16.25,28.51,"77689","134012","94003","148021"
2021-03-24,1157955,2151690,13.89,25.81,"3644","6997",19.32,37.09,"179143",389530,14.52,31.58,"152275",284477,8.34,15.58,"197833","405507",8.16,16.73,"448564",778038,16.73,29.01,"80093","136860","96403","150281"
2021-03-25,1207734,2196829,14.49,26.35,"3784","7157",20.06,37.94,"188344",398447,15.27,32.3,"159104",290391,8.71,15.9,"207783","415776",8.57,17.16,"466430",792239,17.39,29.54,"83151","140057","99138","152762"
2021-03-26,1260739,2236699,15.12,26.83,"3939","7281",20.88,38.6,"198388",406730,16.08,32.97,"166257",295635,9.11,16.19,"218585","425520",9.02,17.56,"485238",803579,18.09,29.96,"86137","142968","102195","154986"
2021-03-27,1304728,2273307,15.65,27.27,"4094","7405",21.7,39.25,"207973",415270,16.86,33.66,"172425",300247,9.44,16.44,"227914","434134",9.4,17.91,"499446",813868,18.62,30.35,"88583","145427","104293","156956"
2021-03-28,1337256,2299456,16.04,27.58,"4189","7470",22.21,39.6,"215810",422440,17.49,34.24,"176686",302846,9.68,16.59,"233657","440043",9.64,18.16,"510579",821441,19.04,30.63,"90322","147039","106013","158177"
2021-03-29,1375608,2335308,16.5,28.01,"4316","7599",22.88,40.28,"223289",430231,18.1,34.87,"182518",307624,10,16.85,"241533","448019",9.97,18.49,"523346",832443,19.51,31.04,"92330","149370","108276","160022"
2021-03-30,1417242,2377278,17,28.52,"4449","7746",23.58,41.06,"231088",438925,18.73,35.58,"189235",313379,10.36,17.16,"250239","457339",10.33,18.87,"536991",845686,20.02,31.53,"94604","152085","110636","162118"
2021-03-31,1464389,2430443,17.57,29.15,"4581","7916",24.28,41.96,"240348",449700,19.48,36.45,"195823",319823,10.73,17.52,"259797","468402",10.72,19.33,"553137",864550,20.62,32.24,"97277","155202","113426","164850"
2021-04-01,1523707,2490064,18.28,29.87,"4752","8089",25.19,42.88,"251963",461808,20.42,37.43,"203302",326949,11.13,17.91,"272340","481071",11.24,19.85,"573558",885124,21.39,33,"100925","158995","116867","168028"
2021-04-02,1582796,2543696,18.99,30.51,"4931","8245",26.14,43.71,"264267",473037,21.42,38.34,"210557",333292,11.53,18.25,"285530","492681",11.78,20.33,"591931",902551,22.07,33.65,"104664","162650","120916","171240"
2021-04-03,1628070,2590413,19.53,31.07,"5053","8366",26.79,44.35,"275395",484459,22.32,39.27,"216376",338364,11.85,18.53,"295646","502997",12.2,20.75,"604484",917084,22.54,34.19,"107400","165401","123716","173742"
2021-04-04,1656692,2619881,19.87,31.43,"5137","8442",27.23,44.75,"284276",493540,23.04,40.01,"219202",340832,12.01,18.67,"300910","508703",12.42,20.99,"613240",926690,22.87,34.55,"108974","166871","124953","174803"
2021-04-05,1700123,2671109,20.39,32.04,"5294","8615",28.06,45.67,"292818",505722,23.74,40.99,"224557",346437,12.3,18.97,"310450","519055",12.81,21.42,"627548",943792,23.4,35.19,"111567","169850","127889","177638"
2021-04-06,1747011,2735979,20.96,32.82,"5471","8857",29,46.95,"302146",521075,24.49,42.24,"231246",353389,12.67,19.35,"320741","532406",13.23,21.97,"642223",965298,23.95,35.99,"114310","173721","130874","181233"
2021-04-07,1798648,2804052,21.57,33.63,"5639","9070",29.89,48.08,"312062",537080,25.3,43.54,"238306",361694,13.05,19.81,"331983","546819",13.7,22.56,"659163",986647,24.58,36.79,"117694","177562","133801","185180"
2021-04-08,1857640,2876936,22.28,34.51,"5807","9300",30.78,49.3,"323934",553826,26.26,44.89,"245670",370815,13.46,20.31,"344904","562645",14.23,23.22,"679275",1008914,25.33,37.62,"120935","181705","137115","189731"
2021-04-09,1918081,2949176,23.01,35.38,"5973","9531",31.66,50.52,"335544",571164,27.2,46.3,"253657",379520,13.89,20.79,"359332","578889",14.83,23.89,"697720",1029811,26.02,38.4,"124703","185888","141152","194373"
2021-04-10,1962821,3008656,23.54,36.09,"6115","9723",32.42,51.54,"345816",587115,28.03,47.59,"258961",386192,14.18,21.15,"370341","592899",15.28,24.46,"710349",1045740,26.49,38.99,"127305","189201","143934","197786"
2021-04-11,1995896,3051915,23.94,36.61,"6222","9873",32.98,52.34,"354357",599962,28.72,48.63,"262216",390521,14.36,21.39,"377095","602165",15.56,24.85,"721040",1057582,26.88,39.43,"129130","191367","145836","200445"
2021-04-12,2038475,3109006,24.45,37.29,"6352","10030",33.67,53.17,"362461",614474,29.38,49.81,"267364",397154,14.64,21.75,"387002","614963",15.97,25.37,"734776",1073681,27.4,40.03,"131625","194518","148895","204186"
2021-04-13,2070177,3159207,24.83,37.89,"6468","10196",34.29,54.05,"368754",627203,29.89,50.84,"272444",402917,14.92,22.07,"393866","625970",16.25,25.83,"744430",1087980,27.76,40.57,"133461","197330","150754","207611"
2021-04-14,2106676,3207045,25.27,38.47,"6604","10350",35.01,54.87,"376325",639129,30.51,51.81,"277963",409250,15.22,22.41,"401710","637295",16.57,26.3,"755815",1100115,28.18,41.02,"135645","200080","152614","210826"
2021-04-15,2146880,3257086,25.75,39.07,"6741","10514",35.73,55.74,"385047",652068,31.21,52.86,"283242",415613,15.51,22.76,"410864","648988",16.95,26.78,"768224",1112852,28.64,41.49,"138231","203094","154531","213957"
2021-04-16,2185609,3306617,26.22,39.66,"6878","10677",36.46,56.6,"393198",664468,31.87,53.86,"288660",422214,15.81,23.12,"420382","661514",17.35,27.29,"779079",1124641,29.05,41.93,"140834","206095","156578","217008"
2021-04-17,2218551,3349035,26.61,40.17,"7010","10825",37.16,57.38,"401233",676469,32.52,54.84,"292805",427611,16.04,23.42,"428292","672653",17.67,27.75,"788042",1133771,29.38,42.27,"143120","208459","158049","219247"
2021-04-18,2246029,3376522,26.94,40.5,"7108","10911",37.68,57.84,"408691",685368,33.13,55.56,"295824",430681,16.2,23.59,"434255","679086",17.92,28.02,"796541",1140001,29.7,42.51,"144807","209798","158803","220677"
2021-04-19,2280064,3412872,27.35,40.94,"7265","11027",38.51,58.46,"415686",695209,33.7,56.35,"300027",435402,16.43,23.85,"441500","687968",18.22,28.39,"808321",1148623,30.14,42.83,"146918","211712","160347","222931"
2021-04-20,2317419,3452075,27.8,41.41,"7376","11160",39.1,59.16,"423174",704673,34.3,57.12,"304999",440784,16.7,24.14,"449322","698304",18.54,28.81,"821312",1158075,30.62,43.18,"149067","213824","162169","225255"
2021-04-21,2360035,3489187,28.31,41.85,"7530","11291",39.92,59.85,"431905",713363,35.01,57.83,"310289",446005,16.99,24.43,"457768","708262",18.89,29.22,"837121",1166690,31.21,43.5,"151398","216091","164024","227485"
2021-04-22,2405712,3525896,28.86,42.29,"7700","11425",40.82,60.57,"441351",721588,35.78,58.49,"315722",451248,17.29,24.71,"466777","718574",19.26,29.65,"854183",1174978,31.85,43.81,"153940","218335","166039","229748"
2021-04-23,2447409,3563710,29.36,42.75,"7826","11563",41.49,61.3,"450280",729834,36.5,59.16,"320797",456872,17.57,25.02,"475711","729986",19.63,30.12,"868524",1182552,32.38,44.09,"156484","220858","167787","232045"
2021-04-24,2487214,3594853,29.83,43.12,"7951","11664",42.15,61.83,"460262",737784,37.31,59.81,"325210",460929,17.81,25.24,"484268","740265",19.98,30.54,"881630",1187883,32.87,44.29,"158674","222737","169219","233591"
2021-04-25,2517343,3612998,30.2,43.34,"8017","11721",42.5,62.13,"469230",743358,38.04,60.26,"327715",462785,17.95,25.35,"490308","745478",20.23,30.76,"891793",1191345,33.25,44.42,"160122","223763","170158","234548"
2021-04-26,2557535,3640339,30.68,43.67,"8149","11792",43.2,62.51,"478343",749688,38.77,60.77,"332273",466635,18.2,25.56,"498167","753523",20.55,31.09,"906081",1196775,33.78,44.62,"162368","225651","172154","236275"
2021-04-27,2604836,3669989,31.24,44.02,"8317","11870",44.09,62.92,"488718",756062,39.62,61.29,"337690",471132,18.49,25.8,"508061","762162",20.96,31.45,"922725",1203122,34.4,44.86,"164953","227523","174372","238118"
2021-04-28,2661914,3698480,31.93,44.36,"8518","11971",45.15,63.46,"502038",761851,40.7,61.76,"344922",475666,18.89,26.05,"519543","770552",21.44,31.79,"941489",1209206,35.1,45.09,"167991","229435","177413","239799"
2021-04-29,2718779,3728487,32.61,44.72,"8691","12062",46.07,63.94,"514676",767961,41.72,62.25,"352120",480688,19.29,26.33,"531364","779527",21.92,32.16,"960205",1215185,35.8,45.31,"171226","231464","180497","241600"
2021-04-30,2771121,3760052,33.24,45.1,"8861","12159",46.97,64.46,"526735",774284,42.7,62.76,"358860",485920,19.65,26.61,"542141","789469",22.37,32.57,"976710",1220997,36.42,45.53,"174390","233679","183424","243544"
2021-05-01,2815389,3783475,33.77,45.38,"9012","12235",47.77,64.86,"538964",779925,43.69,63.22,"363560",489314,19.91,26.8,"552046","797257",22.78,32.9,"989536",1224679,36.9,45.66,"176716","235218","185555","244847"
2021-05-02,2851649,3796387,34.21,45.54,"9128","12277",48.39,65.08,"550065",783430,44.59,63.51,"367008",490841,20.1,26.88,"559296","801096",23.08,33.05,"1000669",1227142,37.31,45.76,"178393","236076","187090","245525"
2021-05-03,2904595,3816562,34.84,45.78,"9289","12334",49.24,65.38,"563487",787880,45.68,63.87,"372931",493709,20.43,27.04,"570362","807341",23.53,33.31,"1016893",1230662,37.92,45.89,"181324","237570","190309","247066"
2021-05-04,2962021,3841201,35.53,46.08,"9501","12417",50.37,65.82,"578058",792754,46.86,64.26,"379287",497375,20.77,27.24,"582670","815256",24.04,33.64,"1034748",1235233,38.58,46.06,"184387","239299","193370","248867"
2021-05-05,3011480,3864635,36.12,46.36,"9652","12479",51.17,66.15,"590206",797624,47.84,64.66,"385558",500856,21.12,27.43,"594018","822466",24.51,33.94,"1048733",1239626,39.1,46.22,"187105","240964","196208","250620"
2021-05-06,3062083,3887507,36.73,46.63,"9830","12551",52.11,66.53,"602441",801725,48.83,64.99,"392247",504695,21.48,27.64,"605406","829648",24.98,34.23,"1063035",1243813,39.64,46.38,"189911","242746","199213","252329"
2021-05-07,3115201,3911118,37.37,46.91,"10017","12612",53.1,66.86,"615534",806149,49.9,65.35,"399194",508530,21.86,27.85,"618069","837196",25.5,34.54,"1076973",1248040,40.16,46.53,"193001","244484","202413","254107"
2021-05-08,3157202,3929299,37.87,47.13,"10175","12667",53.94,67.15,"627202",810327,50.84,65.69,"404529",511136,22.16,27.99,"629123","843377",25.96,34.8,"1086234",1250959,40.5,46.64,"195330","245674","204609","255159"
2021-05-09,3186646,3938393,38.22,47.24,"10266","12693",54.42,67.29,"636114",812893,51.56,65.89,"407677",512225,22.33,28.05,"636342","846074",26.26,34.91,"1093416",1252544,40.77,46.7,"196801","246219","206030","255745"
2021-05-10,3226243,3954879,38.7,47.44,"10409","12728",55.18,67.47,"646174",816249,52.38,66.17,"412947",514545,22.62,28.18,"645949","851761",26.65,35.14,"1103269",1255114,41.14,46.8,"198909","247463","208586","257019"
2021-05-11,3270250,3976864,39.23,47.7,"10542","12813",55.88,67.92,"656601",820238,53.22,66.49,"418901",517980,22.94,28.37,"657200","859108",27.12,35.45,"1114011",1259134,41.54,46.95,"201573","249002","211422","258589"
2021-05-12,3312440,3997753,39.73,47.95,"10675","12863",56.59,68.19,"666851",823616,54.06,66.76,"424782",521494,23.26,28.56,"668457","866081",27.58,35.74,"1123418",1262926,41.89,47.09,"203839","250392","214418","260381"
2021-05-13,3354073,4025039,40.23,48.28,"10808","12941",57.29,68.6,"676422",827640,54.83,67.09,"430662",525564,23.59,28.78,"679548","874036",28.04,36.06,"1133115",1269960,42.25,47.35,"206244","252178","217274","262720"
2021-05-14,3398455,4054559,40.76,48.63,"10953","13038",58.06,69.12,"686785",832494,55.67,67.48,"436895",529890,23.93,29.02,"692173","883344",28.56,36.45,"1142204",1276507,42.59,47.6,"208914","254123","220531","265163"
2021-05-15,3435426,4080557,41.21,48.95,"11072","13128",58.69,69.59,"696882",837889,56.49,67.92,"441439",533457,24.18,29.22,"703167","891529",29.01,36.79,"1149009",1281844,42.84,47.79,"210965","255693","222892","267017"
2021-05-16,3456546,4097503,41.46,49.15,"11141","13189",59.06,69.92,"703129",841674,57,68.23,"443703",535385,24.3,29.32,"708748","896404",29.24,36.99,"1153119",1285702,43,47.94,"212051","256673","224655","268476"
2021-05-17,3487952,4122594,41.84,49.45,"11228","13298",59.52,70.49,"710547",846433,57.6,68.61,"447932",538778,24.53,29.51,"717933","904788",29.62,37.33,"1159528",1290510,43.23,48.12,"213980","258437","226804","270350"
2021-05-18,3522130,4150153,42.25,49.78,"11331","13386",60.07,70.96,"718290",851541,58.23,69.03,"452870",542752,24.8,29.73,"728161","914114",30.04,37.72,"1166331",1295516,43.49,48.3,"215968","260397","229179","272447"
2021-05-19,3553601,4176630,42.63,50.1,"11447","13496",60.68,71.54,"724857",856797,58.76,69.45,"457456",546658,25.05,29.94,"736991","922777",30.41,38.07,"1173333",1300236,43.75,48.48,"218042","262283","231475","274383"
2021-05-20,3585946,4203182,43.01,50.42,"11549","13596",61.22,72.07,"731420",861626,59.29,69.84,"462260",550788,25.32,30.17,"746546","931619",30.8,38.44,"1180142",1304855,44,48.65,"220111","264236","233918","276462"
2021-05-21,3620004,4230381,43.42,50.74,"11654","13705",61.78,72.65,"738430",866582,59.86,70.25,"467662",554903,25.61,30.39,"756861","941169",31.23,38.83,"1186528",1309125,44.24,48.81,"222551","266388","236318","278509"
2021-05-22,3646301,4252396,43.74,51.01,"11742","13783",62.25,73.07,"744691",871718,60.37,70.66,"471118",558097,25.8,30.57,"765771","948719",31.6,39.15,"1190694",1312105,44.4,48.92,"224209","267979","238076","279995"
2021-05-23,3661121,4264614,43.92,51.15,"11787","13828",62.48,73.3,"748847",874905,60.7,70.92,"472694",559695,25.89,30.65,"770493","952632",31.79,39.31,"1193252",1314033,44.49,48.99,"225130","268886","238918","280635"
2021-05-24,3686311,4285759,44.22,51.41,"11847","13883",62.8,73.6,"754139",879424,61.13,71.29,"476453",562873,26.09,30.83,"778486","959556",32.12,39.59,"1197638",1317291,44.66,49.12,"227012","270582","240736","282150"
2021-05-25,3711664,4307439,44.52,51.67,"11916","13957",63.17,73.99,"759239",883780,61.54,71.64,"480290",566487,26.31,31.03,"786467","966816",32.45,39.89,"1202226",1320551,44.83,49.24,"228784","272193","242742","283655"
2021-05-26,3734852,4328530,44.8,51.92,"11970","14030",63.45,74.37,"763999",888054,61.93,71.99,"483938",569943,26.5,31.22,"793637","973878",32.75,40.18,"1206292",1323765,44.98,49.36,"230488","273766","244528","285094"
2021-05-27,3757968,4349073,45.08,52.17,"12040","14091",63.83,74.7,"768497",892050,62.29,72.31,"487581",573342,26.7,31.4,"801081","980802",33.05,40.47,"1210123",1326843,45.12,49.47,"232213","275260","246433","286685"
2021-05-28,3782925,4369182,45.38,52.41,"12107","14153",64.18,75.03,"773407",895843,62.69,72.62,"491477",576429,26.92,31.57,"809324","987923",33.39,40.76,"1213989",1329716,45.26,49.58,"234070","276854","248551","288264"
2021-05-29,3801901,4383367,45.6,52.58,"12161","14219",64.47,75.38,"778141",899166,63.08,72.89,"493904",578240,27.05,31.67,"816081","993184",33.67,40.98,"1216615",1331431,45.36,49.64,"235174","277953","249825","289174"
2021-05-30,3811812,4391289,45.72,52.67,"12199","14254",64.67,75.56,"780974",901137,63.31,73.05,"494984",579129,27.11,31.72,"819137","995953",33.8,41.09,"1218163",1332628,45.42,49.69,"235835","278505","250520","289683"
2021-05-31,3819582,4396841,45.82,52.74,"12217","14270",64.76,75.65,"783005",902396,63.47,73.15,"495853",579695,27.16,31.75,"821636","998018",33.9,41.18,"1219300",1333308,45.46,49.71,"236343","278948","251228","290206"
2021-06-01,3846464,4414989,46.14,52.96,"12311","14332",65.26,75.98,"788159",905762,63.89,73.42,"500001",582296,27.38,31.89,"830574","1004644",34.27,41.45,"1223928",1335970,45.64,49.81,"238181","280469","253310","291516"
2021-06-02,3868518,4432355,46.4,53.17,"12376","14386",65.61,76.26,"792351",908866,64.23,73.67,"503621",584890,27.58,32.03,"837352","1011068",34.55,41.72,"1228098",1338423,45.79,49.9,"239604","281849","255116","292873"
2021-06-03,3893897,4449253,46.71,53.37,"12441","14440",65.95,76.55,"796714",911815,64.58,73.91,"507299",587532,27.78,32.18,"844922","1017325",34.86,41.98,"1234099",1340751,46.01,49.99,"241182","283219","257240","294171"
2021-06-04,3921463,4466235,47.04,53.57,"12516","14500",66.35,76.87,"801792",914520,64.99,74.13,"511079",590129,27.99,32.32,"853484","1023983",35.22,42.25,"1240460",1342922,46.25,50.07,"242927","284585","259205","295596"
2021-06-05,3944697,4478848,47.32,53.72,"12602","14529",66.8,77.02,"806940",917185,65.41,74.35,"514096",591918,28.16,32.42,"861203","1028906",35.53,42.45,"1245067",1344285,46.42,50.12,"244259","285522","260530","296503"
2021-06-06,3959585,4486308,47.5,53.81,"12655","14553",67.09,77.15,"810741",919017,65.72,74.5,"515722",592725,28.25,32.46,"865308","1031665",35.7,42.57,"1248510",1345137,46.55,50.15,"245081","286042","261568","297169"
2021-06-07,3983183,4500188,47.78,53.98,"12764","14582",67.66,77.3,"815570",921714,66.11,74.71,"518692",594589,28.41,32.57,"872833","1036926",36.01,42.78,"1253407",1346896,46.73,50.22,"246632","287212","263285","298269"
2021-06-08,4008979,4514843,48.09,54.16,"12860","14638",68.17,77.6,"820976",924347,66.55,74.93,"522282",596809,28.6,32.69,"881146","1042497",36.36,43.01,"1258436",1348743,46.92,50.29,"248274","288379","265005","299430"
2021-06-09,4033802,4528093,48.39,54.31,"12949","14691",68.64,77.88,"826115",926468,66.97,75.1,"525890",598884,28.8,32.8,"889298","1047675",36.69,43.23,"1262998",1350389,47.09,50.35,"249854","289456","266698","300530"
2021-06-10,4057980,4542308,48.68,54.48,"13028","14743",69.06,78.15,"830612",928556,67.33,75.27,"529608",601153,29.01,32.92,"897545","1053338",37.03,43.46,"1267322",1352165,47.25,50.42,"251402","290556","268463","301797"
2021-06-11,4085169,4557282,49,54.66,"13124","14808",69.57,78.5,"835676",931090,67.74,75.47,"533842",603253,29.24,33.04,"907020","1059285",37.42,43.71,"1271722",1353895,47.42,50.48,"253468","291847","270317","303104"
2021-06-12,4106030,4569066,49.25,54.81,"13212","14849",70.04,78.72,"840719",933750,68.15,75.69,"536781",604790,29.4,33.12,"914156","1063853",37.72,43.9,"1274561",1354987,47.52,50.52,"254856","292708","271745","304129"
2021-06-13,4118021,4574301,49.4,54.87,"13261","14868",70.3,78.82,"843835",934903,68.4,75.78,"538256",605361,29.48,33.16,"918069","1065936",37.88,43.98,"1276301",1355498,47.59,50.54,"255717","293127","272582","304608"
2021-06-14,4139019,4586336,49.65,55.01,"13323","14909",70.63,79.03,"848191",937020,68.76,75.96,"541248",606974,29.64,33.24,"925030","1070677",38.17,44.18,"1279566",1357017,47.71,50.6,"257504","294172","274157","305567"
2021-06-15,4161776,4599998,49.92,55.18,"13384","14957",70.95,79.29,"852966",939356,69.14,76.14,"544851",609256,29.84,33.37,"932730","1075794",38.49,44.39,"1283054",1358682,47.84,50.66,"259100","295310","275691","306643"
2021-06-16,4182789,4613252,50.17,55.34,"13464","15001",71.37,79.52,"857506",941499,69.51,76.32,"548159",611509,30.02,33.49,"939749","1080840",38.78,44.6,"1286197",1360314,47.96,50.72,"260559","296376","277155","307713"
2021-06-17,4203077,4625970,50.42,55.49,"13522","15046",71.68,79.76,"861449",943560,69.83,76.49,"551523",613582,30.21,33.61,"946650","1085700",39.06,44.8,"1289154",1361835,48.07,50.78,"262031","297434","278748","308813"
2021-06-18,4223432,4639939,50.66,55.66,"13606","15092",72.13,80,"865562",945791,70.16,76.67,"554499",615925,30.37,33.73,"953667","1090969",39.35,45.01,"1292175",1363494,48.18,50.84,"263616","298663","280307","310005"
2021-06-19,4238307,4649844,50.84,55.77,"13665","15123",72.44,80.17,"869348",947953,70.47,76.84,"556487",617453,30.48,33.82,"958943","1094676",39.57,45.17,"1293908",1364460,48.24,50.88,"264658","299433","281298","310746"
2021-06-20,4246270,4654950,50.93,55.84,"13699","15139",72.62,80.25,"871507",949207,70.65,76.94,"557556",618097,30.54,33.85,"961575","1096540",39.68,45.24,"1295064",1365052,48.29,50.9,"265173","299878","281696","311037"
2021-06-21,4257880,4666798,51.07,55.98,"13729","15171",72.78,80.42,"874032",951537,70.85,77.13,"559136",619822,30.62,33.95,"965629","1100749",39.84,45.42,"1296663",1366624,48.35,50.96,"266093","300889","282598","312006"
2021-06-22,4274955,4678204,51.28,56.11,"13791","15219",73.11,80.68,"877369",953447,71.12,77.29,"561734",621601,30.77,34.04,"971897","1105177",40.1,45.6,"1299026",1368065,48.44,51.01,"267475","301863","283663","312832"
2021-06-23,4291820,4690108,51.48,56.26,"13837","15251",73.35,80.85,"880445",955291,71.37,77.44,"564544",623688,30.92,34.16,"978174","1109870",40.36,45.79,"1301292",1369556,48.52,51.07,"268795","302800","284733","313652"
2021-06-24,4307941,4701257,51.67,56.39,"13890","15282",73.63,81.01,"883508",956983,71.62,77.57,"567240",625566,31.07,34.26,"984065","1114120",40.6,45.97,"1303420",1371052,48.6,51.12,"269994","303719","285824","314535"
2021-06-25,4323825,4713263,51.86,56.54,"13946","15325",73.93,81.24,"886451",958754,71.86,77.72,"569749",627560,31.2,34.37,"990051","1118903",40.85,46.17,"1305527",1372517,48.68,51.18,"271204","304710","286897","315494"
2021-06-26,4335411,4722186,52,56.64,"13978","15351",74.1,81.38,"889160",960697,72.08,77.87,"571309",628883,31.29,34.44,"994392","1122204",41.03,46.3,"1306782",1373460,48.72,51.21,"272052","305420","287738","316171"
2021-06-27,4342044,4727796,52.08,56.71,"14002","15378",74.23,81.52,"890901",962172,72.22,77.99,"572119",629536,31.33,34.48,"996844","1124233",41.13,46.39,"1307515",1374146,48.75,51.24,"272540","305839","288123","316492"
2021-06-28,4353756,4738150,52.22,56.83,"14028","15419",74.36,81.74,"893268",964136,72.41,78.15,"573790",631164,31.43,34.57,"1001264","1127939",41.31,46.54,"1308924",1375472,48.8,51.29,"273513","306748","288969","317272"
2021-06-29,4367339,4749060,52.39,56.96,"14069","15461",74.58,81.96,"895967",965991,72.63,78.3,"575893",633086,31.54,34.67,"1006306","1132023",41.52,46.71,"1310611",1376777,48.87,51.33,"274603","307683","289890","318039"
2021-06-30,4379480,4759539,52.53,57.09,"14109","15493",74.79,82.13,"898033",967597,72.8,78.43,"577901",634899,31.65,34.77,"1010975","1135944",41.71,46.87,"1312125",1378159,48.92,51.39,"275579","308620","290758","318827"
2021-07-01,4391517,4770104,52.68,57.22,"14147","15525",74.99,82.3,"900111",969220,72.96,78.57,"579868",636755,31.76,34.87,"1015555","1139904",41.9,47.03,"1313704",1379550,48.98,51.44,"276531","309528","291601","319622"
2021-07-02,4404233,4781242,52.83,57.35,"14210","15560",75.33,82.49,"902312",970863,73.14,78.7,"581798",638619,31.86,34.98,"1020473","1144065",42.11,47.21,"1315220",1381070,49.04,51.49,"277632","310537","292588","320528"
2021-07-03,4413769,4789465,52.94,57.45,"14248","15595",75.53,82.67,"904655",972628,73.33,78.84,"583100",639861,31.94,35.04,"1024074","1146998",42.25,47.33,"1316133",1382047,49.07,51.53,"278303","311210","293256","321126"
2021-07-04,4415619,4791238,52.97,57.47,"14255","15598",75.57,82.69,"905036",972954,73.36,78.87,"583293",640008,31.95,35.05,"1024925","1147862",42.29,47.36,"1316280",1382198,49.08,51.54,"278431","311359","293399","321259"
2021-07-05,4423957,4799029,53.07,57.56,"14278","15622",75.69,82.81,"907110",974574,73.53,79,"584308",641085,32,35.11,"1027797","1150451",42.41,47.47,"1317308",1383226,49.12,51.57,"279116","312042","294040","322029"
2021-07-06,4437987,4809752,53.23,57.69,"14341","15659",76.02,83.01,"909598",976213,73.73,79.13,"586535",642882,32.12,35.21,"1033158","1154386",42.63,47.63,"1318966",1384654,49.18,51.63,"280236","313048","295153","322910"
2021-07-07,4450347,4819657,53.38,57.81,"14391","15687",76.29,83.16,"911630",977763,73.9,79.26,"588589",644594,32.24,35.3,"1037849","1157989",42.82,47.78,"1320492",1385965,49.24,51.68,"281248","313908","296148","323751"
2021-07-08,4461574,4829024,53.52,57.92,"14431","15717",76.5,83.32,"913646",979084,74.06,79.37,"590435",646314,32.34,35.4,"1041898","1161280",42.99,47.92,"1321896",1387263,49.29,51.73,"282187","314811","297081","324555"
2021-07-09,4473606,4838626,53.66,58.04,"14475","15746",76.73,83.47,"915885",980490,74.24,79.48,"592342",647903,32.44,35.49,"1046328","1164883",43.17,48.06,"1323344",1388574,49.34,51.77,"283241","315692","297991","325338"
2021-07-10,4483365,4846750,53.78,58.14,"14512","15779",76.93,83.65,"918236",981917,74.43,79.59,"593820",649174,32.52,35.55,"1049929","1168060",43.32,48.2,"1324312",1389526,49.38,51.81,"283990","316369","298566","325925"
2021-07-11,4488556,4851457,53.84,58.19,"14526","15798",77,83.75,"919747",982936,74.56,79.68,"594497",649819,32.56,35.59,"1051766","1169888",43.4,48.27,"1324883",1390078,49.4,51.83,"284392","316793","298745","326145"
2021-07-12,4499422,4861010,53.97,58.31,"14554","15830",77.15,83.92,"922144",984524,74.75,79.81,"596063",651276,32.65,35.67,"1055591","1173557",43.55,48.42,"1326251",1391261,49.45,51.87,"285289","317731","299530","326831"
2021-07-13,4509858,4871414,54.1,58.43,"14603","15879",77.41,84.18,"924083",986008,74.91,79.93,"597790",653243,32.74,35.78,"1059438","1177408",43.71,48.58,"1327529",1392572,49.5,51.92,"286175","318748","300240","327556"
2021-07-14,4520258,4881279,54.22,58.55,"14645","15916",77.63,84.37,"925795",987293,75.05,80.03,"599644",655087,32.84,35.88,"1063347","1181211",43.87,48.74,"1328839",1393837,49.55,51.97,"286975","319707","301013","328228"
2021-07-15,4530355,4890955,54.34,58.67,"14678","15945",77.81,84.53,"927417",988566,75.18,80.13,"601526",656943,32.95,35.98,"1067054","1184640",44.03,48.88,"1330091",1395147,49.59,52.02,"287834","320730","301755","328984"
2021-07-16,4541078,4901086,54.47,58.79,"14716","15975",78.01,84.69,"929255",989769,75.33,80.23,"603439",658841,33.05,36.08,"1070973","1188426",44.19,49.04,"1331397",1396492,49.64,52.07,"288725","321814","302573","329769"
2021-07-17,4549332,4908776,54.57,58.88,"14739","16008",78.13,84.86,"931237",991101,75.49,80.34,"604730",660092,33.12,36.15,"1073915","1191424",44.31,49.16,"1332269",1397426,49.67,52.1,"289328","322492","303114","330233"
2021-07-18,4554218,4913484,54.63,58.94,"14757","16026",78.23,84.96,"932599",991933,75.6,80.41,"605393",660831,33.16,36.19,"1075538","1193241",44.38,49.23,"1332861",1398026,49.7,52.13,"289728","322993","303342","330434"
2021-07-19,4563713,4923528,54.74,59.06,"14793","16060",78.42,85.14,"934535",993304,75.75,80.52,"606877",662524,33.24,36.29,"1078802","1196926",44.51,49.39,"1334091",1399383,49.74,52.18,"290526","324159","304089","331172"
2021-07-20,4573462,4935102,54.86,59.2,"14837","16091",78.65,85.3,"936147",994573,75.88,80.62,"608663",664859,33.34,36.41,"1082369","1201316",44.66,49.57,"1335359",1400986,49.79,52.24,"291371","325339","304716","331938"
2021-07-21,4583161,4946009,54.97,59.33,"14866","16125",78.81,85.48,"937725",995826,76.01,80.72,"610469",667067,33.43,36.53,"1085816","1205301",44.8,49.73,"1336599",1402489,49.84,52.29,"292208","326471","305478","332730"
2021-07-22,4592716,4957631,55.09,59.47,"14890","16163",78.93,85.68,"939284",997068,76.14,80.82,"612180",669570,33.53,36.67,"1089182","1209340",44.94,49.9,"1337905",1404159,49.89,52.36,"293073","327729","306202","333602"
2021-07-23,4602603,4969801,55.21,59.61,"14932","16205",79.16,85.9,"940903",998470,76.27,80.94,"613886",671998,33.62,36.8,"1092725","1213766",45.09,50.08,"1339210",1405676,49.93,52.41,"293981","329159","306966","334527"
2021-07-24,4610109,4977836,55.3,59.71,"14961","16231",79.31,86.04,"942527",999591,76.4,81.03,"615152",673569,33.69,36.89,"1095392","1216820",45.2,50.21,"1340111",1406605,49.97,52.45,"294591","330009","307375","335011"
2021-07-25,4612695,4983834,55.33,59.78,"14968","16256",79.35,86.17,"943243",1000636,76.46,81.11,"615435",674572,33.71,36.95,"1096282","1218888",45.23,50.29,"1340421",1407496,49.98,52.48,"294813","330744","307533","335242"
2021-07-26,4620518,4995480,55.42,59.92,"15010","16293",79.57,86.37,"944893",1002035,76.59,81.23,"616619",676950,33.77,37.08,"1098868","1222849",45.34,50.46,"1341516",1409142,50.02,52.54,"295490","331980","308122","336231"
2021-07-27,4629951,5008308,55.54,60.07,"15046","16337",79.76,86.6,"946365",1003462,76.71,81.34,"618407",679721,33.87,37.23,"1102344","1227347",45.48,50.64,"1342730",1410934,50.06,52.61,"296321","333425","308738","337082"
2021-07-28,4638913,5021069,55.64,60.23,"15080","16390",79.94,86.89,"947825",1004821,76.83,81.45,"620052",682576,33.96,37.38,"1105409","1231594",45.61,50.82,"1343956",1412743,50.11,52.68,"297095","334917","309496","338028"
2021-07-29,4647215,5032844,55.74,60.37,"15099","16438",80.04,87.14,"949055",1006000,76.93,81.55,"621718",685234,34.05,37.53,"1108210","1235706",45.73,50.99,"1345134",1414391,50.15,52.74,"297853","336171","310146","338904"
2021-07-30,4656448,5048745,55.85,60.56,"15137","16490",80.24,87.42,"950441",1007543,77.04,81.67,"623440",688836,34.15,37.73,"1111393","1241398",45.86,51.22,"1346461",1416506,50.2,52.82,"298740","337987","310836","339985"
2021-07-31,4663633,5059072,55.94,60.68,"15167","16527",80.4,87.61,"951864",1008818,77.16,81.78,"624679",691062,34.21,37.85,"1114031","1245270",45.97,51.38,"1347359",1417841,50.24,52.87,"299242","339047","311291","340507"
2021-08-01,4667568,5066053,55.99,60.77,"15181","16554",80.48,87.75,"952833",1009833,77.24,81.86,"625240",692478,34.24,37.93,"1115300","1247690",46.02,51.48,"1347924",1418903,50.26,52.91,"299576","339861","311514","340734"
2021-08-02,4675603,5080196,56.08,60.94,"15211","16598",80.64,87.99,"954338",1011473,77.36,81.99,"626524",695478,34.31,38.09,"1118001","1252717",46.13,51.69,"1349112",1420920,50.3,52.98,"300355","341363","312062","341647"
2021-08-03,4685279,5096402,56.2,61.13,"15250","16649",80.84,88.26,"955772",1013066,77.48,82.12,"628471",699051,34.42,38.29,"1121236","1258526",46.26,51.93,"1350436",1423306,50.35,53.07,"301186","343140","312928","342664"
2021-08-04,4694788,5114641,56.31,61.35,"15277","16711",80.98,88.59,"957056",1014905,77.58,82.27,"630437",703150,34.53,38.51,"1124631","1265027",46.4,52.2,"1351716",1425913,50.4,53.17,"302166","345189","313505","343746"
2021-08-05,4703983,5133382,56.42,61.57,"15311","16755",81.17,88.82,"958241",1016859,77.68,82.43,"632346",707227,34.63,38.73,"1127734","1271942",46.53,52.48,"1353107",1428683,50.45,53.27,"303125","347191","314119","344725"
2021-08-06,4713456,5152539,56.54,61.8,"15338","16829",81.31,89.21,"959453",1018767,77.77,82.58,"634171",711358,34.73,38.96,"1131112","1279197",46.67,52.78,"1354423",1431161,50.5,53.36,"304227","349490","314732","345737"
2021-08-07,4720318,5166702,56.62,61.97,"15373","16871",81.49,89.43,"960758",1020734,77.88,82.74,"635301",714184,34.79,39.12,"1133601","1284696",46.77,53.01,"1355365",1432827,50.54,53.42,"304895","351013","315025","346377"
2021-08-08,4724491,5176229,56.67,62.09,"15385","16901",81.56,89.59,"961722",1022270,77.96,82.87,"635984",715918,34.83,39.21,"1134993","1288168",46.83,53.15,"1355933",1434166,50.56,53.47,"305326","352167","315148","346639"
2021-08-09,4733974,5198340,56.78,62.35,"15415","16945",81.72,89.83,"963177",1024541,78.08,83.05,"637602",720286,34.92,39.45,"1138332","1297260",46.97,53.53,"1357255",1436742,50.61,53.57,"306361","354660","315832","347906"
2021-08-10,4744178,5217917,56.91,62.59,"15449","16998",81.9,90.11,"964416",1026404,78.18,83.2,"639621",724157,35.03,39.66,"1142101","1305351",47.12,53.86,"1358725",1439112,50.66,53.66,"307346","356833","316520","349062"
2021-08-11,4753327,5234099,57.02,62.78,"15482","17043",82.07,90.35,"965570",1028015,78.27,83.33,"641544",727595,35.14,39.85,"1145273","1311710",47.26,54.12,"1360055",1441201,50.71,53.74,"308352","358584","317051","349951"
2021-08-12,4763209,5249906,57.13,62.97,"15514","17086",82.24,90.57,"966806",1029521,78.37,83.45,"643772",731104,35.26,40.04,"1148576","1317772",47.39,54.37,"1361490",1443403,50.76,53.82,"309385","360240","317666","350780"
2021-08-13,4773276,5265593,57.26,63.16,"15546","17147",82.41,90.9,"968036",1030902,78.47,83.57,"645884",734542,35.37,40.23,"1152170","1324026",47.54,54.63,"1362815",1445416,50.81,53.89,"310523","361883","318302","351677"
2021-08-14,4780335,5276483,57.34,63.29,"15573","17174",82.55,91.04,"969131",1032140,78.56,83.67,"647334",736843,35.45,40.36,"1154664","1328211",47.64,54.8,"1363684",1446860,50.85,53.95,"311255","363051","318694","352204"
2021-08-15,4785545,5283634,57.4,63.38,"15596","17199",82.68,91.17,"970125",1033073,78.64,83.74,"648194",738243,35.5,40.43,"1156285","1330837",47.71,54.91,"1364553",1447965,50.88,53.99,"311924","363885","318868","352432"
2021-08-16,4795954,5300192,57.53,63.58,"15634","17244",82.88,91.41,"971477",1034549,78.75,83.86,"650175",741730,35.61,40.62,"1159843","1337401",47.86,55.18,"1366097",1450038,50.94,54.07,"313113","365770","319615","353460"
2021-08-17,4807695,5318924,57.67,63.8,"15670","17312",83.07,91.77,"972778",1036089,78.85,83.99,"652813",745716,35.75,40.84,"1163725","1344765",48.02,55.49,"1367945",1452504,51.01,54.16,"314363","367872","320401","354666"
2021-08-18,4819156,5337268,57.81,64.02,"15720","17370",83.33,92.08,"974055",1037507,78.96,84.1,"655442",749847,35.9,41.07,"1167555","1351845",48.17,55.78,"1369651",1454969,51.07,54.25,"315627","369942","321106","355788"
2021-08-19,4829873,5354466,57.93,64.23,"15763","17418",83.56,92.33,"975160",1038927,79.05,84.22,"657898",753737,36.03,41.28,"1171243","1358499",48.33,56.05,"1371225",1457358,51.13,54.34,"316808","371805","321776","356722"
2021-08-20,4842573,5371640,58.09,64.43,"15808","17480",83.8,92.66,"976464",1040263,79.15,84.32,"660894",757563,36.2,41.49,"1175475","1365189",48.5,56.33,"1373020",1459719,51.19,54.43,"318291","373712","322621","357714"
2021-08-21,4851515,5383526,58.19,64.58,"15844","17514",83.99,92.84,"977652",1041498,79.25,84.42,"662774",759853,36.3,41.62,"1178759","1370197",48.64,56.54,"1374234",1461302,51.24,54.49,"319200","374951","323052","358211"
2021-08-22,4855749,5387822,58.24,64.63,"15861","17529",84.08,92.92,"978405",1042106,79.31,84.47,"663525",760589,36.34,41.66,"1180053","1371668",48.69,56.6,"1375033",1462196,51.27,54.52,"319730","375406","323142","358328"
2021-08-23,4868588,5404162,58.4,64.82,"15899","17582",84.28,93.2,"979931",1043490,79.43,84.59,"666178",763866,36.49,41.84,"1184538","1378361",48.88,56.87,"1376966",1464582,51.34,54.61,"321115","377097","323961","359184"
2021-08-24,4882106,5421750,58.56,65.03,"15942","17641",84.51,93.52,"981338",1044881,79.55,84.7,"669137",767848,36.65,42.05,"1189376","1385382",49.07,57.16,"1378911",1466883,51.41,54.69,"322592","378840","324810","360275"
2021-08-25,4895433,5437145,58.72,65.22,"15985","17697",84.74,93.81,"982784",1046038,79.67,84.79,"672205",771521,36.82,42.26,"1193898","1391335",49.26,57.41,"1380804",1468859,51.48,54.77,"324103","380499","325654","361196"
2021-08-26,4910359,5453928,58.9,65.42,"16025","17750",84.95,94.09,"984356",1047261,79.79,84.89,"675522",775694,37,42.48,"1199290","1397692",49.48,57.67,"1382944",1471084,51.56,54.85,"325726","382247","326496","362200"
2021-08-27,4926003,5469427,59.09,65.61,"16084","17808",85.26,94.4,"985925",1048476,79.92,84.99,"678984",779265,37.19,42.68,"1205063","1403646",49.72,57.92,"1385042",1473176,51.64,54.93,"327557","383923","327348","363133"
2021-08-28,4938364,5480798,59.24,65.74,"16125","17849",85.48,94.62,"987710",1049682,80.06,85.09,"681584",781689,37.33,42.81,"1209557","1408202",49.91,58.1,"1386529",1474634,51.7,54.98,"328966","385081","327893","363661"
2021-08-29,4946344,5488346,59.33,65.83,"16151","17873",85.62,94.75,"989035",1050500,80.17,85.15,"683028",783184,37.41,42.89,"1212410","1411240",50.03,58.23,"1387640",1475732,51.74,55.02,"329957","385935","328123","363882"
2021-08-30,4964346,5504781,59.55,66.03,"16201","17916",85.88,94.97,"990971",1051897,80.33,85.27,"686606",786790,37.6,43.09,"1219335","1417745",50.31,58.5,"1390052",1478022,51.83,55.11,"331996","387466","329185","364945"
2021-08-31,4981136,5520920,59.75,66.22,"16245","17966",86.12,95.24,"992511",1053141,80.45,85.37,"690146",790488,37.8,43.29,"1225988","1424095",50.59,58.76,"1392207",1480288,51.91,55.19,"333896","388981","330143","365961"
2021-09-01,4996017,5536465,59.93,66.41,"16290","18015",86.35,95.5,"993958",1054263,80.57,85.46,"693351",794283,37.97,43.5,"1231876","1430180",50.83,59.01,"1394134",1482521,51.98,55.28,"335483","390385","330925","366818"
2021-09-02,5009291,5551448,60.09,66.59,"16326","18061",86.55,95.74,"995279",1055489,80.68,85.56,"696175",798066,38.13,43.71,"1236997","1435746",51.04,59.24,"1396047",1484706,52.05,55.36,"336886","391748","331581","367632"
2021-09-03,5024565,5567055,60.27,66.78,"16383","18116",86.85,96.03,"996679",1056845,80.79,85.67,"699607",802006,38.32,43.93,"1242839","1441523",51.28,59.48,"1398024",1486863,52.13,55.44,"338599","393168","332434","368534"
2021-09-04,5034711,5577136,60.39,66.9,"16405","18149",86.96,96.21,"997940",1057941,80.89,85.76,"701755",804344,38.43,44.05,"1246786","1445624",51.44,59.65,"1399272",1488117,52.17,55.49,"339650","393992","332903","368969"
2021-09-05,5040717,5584226,60.46,66.98,"16421","18168",87.05,96.31,"998853",1058829,80.97,85.83,"702959",805819,38.5,44.13,"1248861","1448346",51.53,59.76,"1400212",1489262,52.21,55.53,"340344","394636","333067","369166"
2021-09-06,5045551,5589628,60.52,67.05,"16430","18176",87.1,96.35,"999474",1059313,81.02,85.87,"703853",806944,38.55,44.2,"1250996","1450803",51.62,59.86,"1400740",1489814,52.23,55.55,"340761","395178","333297","369400"
2021-09-07,5063983,5605697,60.74,67.24,"16484","18216",87.38,96.56,"1001123",1060428,81.15,85.96,"707884",810950,38.77,44.41,"1258142","1457313",51.91,60.13,"1402862",1491750,52.31,55.62,"342987","396694","334501","370346"
2021-09-08,5079564,5622400,60.93,67.44,"16531","18270",87.63,96.85,"1002451",1061484,81.26,86.04,"711597",815462,38.97,44.66,"1264109","1463748",52.16,60.4,"1404732",1493839,52.38,55.7,"344763","398296","335381","371301"
2021-09-09,5095231,5639185,61.12,67.64,"16572","18317",87.85,97.1,"1003691",1062578,81.36,86.13,"715073",819910,39.16,44.91,"1270223","1469849",52.41,60.65,"1406928",1496271,52.46,55.79,"346444","399949","336300","372311"
2021-09-10,5111580,5658301,61.31,67.87,"16629","18376",88.15,97.41,"1005005",1063970,81.47,86.25,"718863",825195,39.37,45.2,"1276562","1476899",52.67,60.94,"1409183",1498759,52.54,55.88,"348156","401633","337182","373469"
2021-09-11,5122901,5671710,61.45,68.03,"16656","18421",88.3,97.65,"1006164",1065122,81.56,86.34,"721172",828628,39.5,45.38,"1281130","1481986",52.86,61.15,"1410635",1500574,52.6,55.95,"349386","402899","337758","374080"
2021-09-12,5128674,5680900,61.52,68.14,"16675","18453",88.4,97.82,"1006850",1065879,81.62,86.4,"722294",831021,39.56,45.51,"1283324","1485545",52.95,61.3,"1411538",1501845,52.63,56,"350044","403796","337949","374361"
2021-09-13,5142506,5698475,61.68,68.35,"16718","18512",88.62,98.13,"1008038",1066984,81.71,86.49,"725199",835635,39.72,45.77,"1288592","1492029",53.17,61.56,"1413516",1504260,52.7,56.09,"351566","405484","338877","375571"
2021-09-14,5156963,5715251,61.86,68.55,"16759","18569",88.84,98.44,"1009148",1068021,81.8,86.57,"728450",840110,39.9,46.01,"1294211","1498371",53.4,61.82,"1415455",1506474,52.78,56.17,"353038","406998","339902","376708"
2021-09-15,5170419,5731142,62.02,68.74,"16798","18612",89.05,98.66,"1010140",1068974,81.88,86.65,"731577",844412,40.07,46.25,"1299415","1504624",53.62,62.08,"1417167",1508500,52.84,56.25,"354570","408379","340752","377641"
2021-09-16,5185276,5747227,62.2,68.94,"16845","18659",89.3,98.91,"1011191",1070018,81.97,86.74,"735351",848508,40.27,46.47,"1305229","1511125",53.86,62.35,"1418896",1510404,52.9,56.32,"356177","409890","341587","378623"
2021-09-17,5199902,5762148,62.37,69.12,"16891","18704",89.54,99.15,"1012362",1071132,82.06,86.83,"738580",852349,40.45,46.68,"1310728","1516598",54.08,62.58,"1421055",1512476,52.99,56.39,"357786","411290","342500","379599"
2021-09-18,5210911,5772862,62.5,69.25,"16925","18730",89.72,99.29,"1013500",1072061,82.16,86.9,"740959",854952,40.58,46.82,"1315027","1520890",54.26,62.75,"1422446",1513839,53.04,56.44,"358993","412287","343061","380103"
2021-09-19,5217508,5779453,62.58,69.32,"16937","18752",89.78,99.41,"1014217",1072647,82.21,86.95,"742380",856472,40.66,46.91,"1317450","1523475",54.36,62.86,"1423477",1514838,53.08,56.48,"359750","412935","343297","380334"
2021-09-20,5231221,5792956,62.75,69.49,"16977","18796",90,99.64,"1015347",1073553,82.3,87.02,"745461",859707,40.83,47.09,"1322749","1528618",54.58,63.07,"1425360",1516730,53.15,56.55,"361132","414317","344195","381235"
2021-09-21,5244958,5805920,62.91,69.64,"17014","18836",90.19,99.85,"1016348",1074339,82.39,87.09,"748853",863089,41.01,47.27,"1328172","1533727",54.8,63.28,"1427179",1518335,53.21,56.61,"362413","415548","344979","382046"
2021-09-22,5257868,5819381,63.07,69.8,"17063","18877",90.45,100.07,"1017295",1075101,82.46,87.15,"752197",866986,41.2,47.48,"1333216","1538669",55.01,63.49,"1428876",1520096,53.28,56.68,"363548","416799","345673","382853"
2021-09-23,5272131,5835501,63.24,70,"17101","18925",90.65,100.32,"1018428",1075876,82.55,87.21,"755966",871896,41.4,47.75,"1338327","1543833",55.22,63.7,"1431034",1522765,53.36,56.78,"364851","418211","346424","383995"
2021-09-24,5287013,5853243,63.42,70.21,"17154","18967",90.94,100.55,"1019677",1076911,82.66,87.3,"759786",877240,41.61,48.05,"1343684","1549570",55.44,63.94,"1433235",1525449,53.44,56.88,"366129","419743","347348","385363"
2021-09-25,5297068,5864683,63.54,70.35,"17185","18993",91.1,100.68,"1020733",1077762,82.74,87.36,"762205",880606,41.75,48.23,"1347645","1553526",55.61,64.1,"1434521",1526975,53.49,56.93,"366963","420730","347816","386091"
2021-09-26,5303589,5871687,63.62,70.43,"17203","19029",91.19,100.87,"1021488",1078243,82.8,87.4,"763757",882708,41.83,48.35,"1349996","1555788",55.7,64.19,"1435570",1528087,53.53,56.98,"367574","421441","348001","386391"
2021-09-27,5312733,5886716,63.73,70.61,"17230","19079",91.34,101.14,"1022187",1079159,82.86,87.48,"766047",887166,41.96,48.59,"1353513","1560968",55.85,64.41,"1436867",1530237,53.57,57.06,"368392","422746","348497","387361"
2021-09-28,5325224,5898408,63.88,70.75,"17255","19118",91.47,101.35,"1023109",1079797,82.93,87.53,"769159",890391,42.13,48.77,"1358536","1565368",56.05,64.59,"1438446",1531894,53.63,57.12,"369458","423704","349261","388136"
2021-09-29,5338485,5910873,64.04,70.9,"17306","19174",91.74,101.64,"1023917",1080541,83,87.59,"772746",894008,42.32,48.96,"1363557","1569437",56.26,64.76,"1440263",1533982,53.7,57.2,"370642","424801","350054","388930"
2021-09-30,5352114,5924056,64.2,71.06,"17351","19209",91.98,101.83,"1024844",1081266,83.07,87.65,"776440",897646,42.52,49.16,"1368275","1573641",56.46,64.93,"1442389",1536538,53.78,57.29,"371921","425917","350894","389839"
2021-10-01,5366668,5937654,64.37,71.22,"17388","19255",92.18,102.07,"1026048",1082152,83.17,87.72,"780301",901341,42.74,49.37,"1373320","1578110",56.66,65.11,"1444590",1538832,53.86,57.38,"373269","427120","351752","390844"
2021-10-02,5377460,5945944,64.5,71.32,"17427","19273",92.38,102.17,"1027052",1082866,83.25,87.78,"783118",903649,42.89,49.49,"1377377","1580980",56.83,65.23,"1446060",1540035,53.92,57.42,"374207","427910","352219","391231"
2021-10-03,5384188,5951406,64.58,71.39,"17457","19294",92.54,102.28,"1027669",1083351,83.3,87.82,"784965",905101,42.99,49.57,"1379749","1582844",56.93,65.31,"1447101",1541016,53.96,57.46,"374871","428403","352376","391397"
2021-10-04,5396013,5962002,64.73,71.51,"17487","19334",92.7,102.49,"1028481",1084100,83.37,87.88,"788213",907883,43.17,49.72,"1383813","1586312",57.1,65.45,"1448884",1542827,54.02,57.53,"375972","429356","353163","392190"
2021-10-05,5408509,5972970,64.87,71.65,"17532","19374",92.94,102.7,"1029323",1084790,83.44,87.93,"791524",910890,43.35,49.89,"1388248","1589816",57.28,65.6,"1450770",1544740,54.09,57.6,"377108","430292","354004","393068"
2021-10-06,5420335,5983574,65.02,71.77,"17569","19400",93.14,102.84,"1030114",1085460,83.5,87.99,"794835",913864,43.53,50.05,"1392425","1593213",57.45,65.74,"1452519",1546535,54.16,57.66,"378127","431253","354746","393849"
2021-10-07,5433138,5993752,65.17,71.89,"17607","19436",93.34,103.03,"1030983",1086145,83.57,88.04,"798360",916658,43.73,50.2,"1397198","1596596",57.65,65.88,"1454235",1548225,54.22,57.73,"379215","432124","355540","394568"
2021-10-08,5446026,6003815,65.33,72.02,"17653","19473",93.58,103.23,"1032006",1086887,83.66,88.1,"801951",919362,43.92,50.35,"1401650","1599959",57.83,66.02,"1456167",1549867,54.29,57.79,"380247","432996","356352","395271"
2021-10-09,5454900,6010478,65.43,72.1,"17671","19501",93.68,103.38,"1032891",1087481,83.73,88.15,"804204",921087,44.05,50.45,"1405046","1602609",57.97,66.13,"1457337",1550661,54.34,57.82,"381007","433500","356744","395639"
2021-10-10,5460321,6014301,65.5,72.14,"17685","19513",93.75,103.44,"1033427",1087838,83.77,88.18,"805430",921930,44.11,50.49,"1407169","1604088",58.06,66.19,"1458199",1551302,54.37,57.84,"381552","433868","356859","395762"
2021-10-11,5470354,6022386,65.62,72.24,"17730","19546",93.99,103.62,"1034224",1088395,83.84,88.23,"807999",924077,44.25,50.61,"1410735","1606969",58.21,66.31,"1459821",1552586,54.43,57.89,"382468","434597","357377","396216"
2021-10-12,5482115,6031093,65.76,72.34,"17768","19577",94.19,103.78,"1034947",1088910,83.89,88.27,"811173",926368,44.43,50.74,"1415131","1610143",58.39,66.44,"1461427",1553873,54.49,57.94,"383442","435360","358227","396862"
2021-10-13,5492894,6038824,65.89,72.44,"17798","19607",94.35,103.94,"1035603",1089416,83.95,88.31,"814329",928569,44.6,50.86,"1418923","1612744",58.55,66.54,"1462925",1555039,54.55,57.98,"384432","436062","358884","397387"
2021-10-14,5504559,6046723,66.03,72.53,"17831","19630",94.52,104.06,"1036243",1089853,84,88.34,"817877",930750,44.79,50.98,"1422836","1615584",58.71,66.66,"1464610",1556149,54.61,58.02,"385512","436810","359650","397947"
2021-10-15,5517132,6054993,66.18,72.63,"17871","19654",94.74,104.19,"1037097",1090473,84.07,88.39,"821486",932956,44.99,51.1,"1427054","1618525",58.88,66.78,"1466501",1557365,54.68,58.07,"386592","437545","360531","398475"
2021-10-16,5525200,6060243,66.27,72.69,"17888","19667",94.83,104.26,"1037749",1090917,84.12,88.43,"823641",934276,45.11,51.17,"1430016","1620502",59,66.86,"1467651",1558170,54.72,58.1,"387245","437949","361010","398762"
2021-10-17,5530045,6063538,66.33,72.73,"17914","19683",94.96,104.34,"1038176",1091220,84.16,88.46,"825088",935061,45.19,51.21,"1431613","1621694",59.07,66.91,"1468446",1558717,54.75,58.12,"387676","438265","361132","398898"
2021-10-18,5541339,6071049,66.47,72.82,"17939","19713",95.1,104.5,"1038947",1091763,84.22,88.5,"828321",936918,45.37,51.31,"1435466","1624344",59.23,67.02,"1470042",1559880,54.81,58.16,"388706","438988","361918","399443"
2021-10-19,5550730,6078066,66.58,72.91,"17967","19734",95.24,104.61,"1039463",1092244,84.26,88.54,"831028",938725,45.51,51.41,"1438913","1626855",59.37,67.13,"1471308",1560880,54.86,58.2,"389520","439684","362531","399944"
2021-10-20,5560674,6085112,66.7,72.99,"17999","19752",95.41,104.71,"1039995",1092746,84.3,88.58,"834109",940564,45.68,51.51,"1442152","1629314",59.5,67.23,"1472885",1561975,54.92,58.24,"390360","440344","363174","400417"
2021-10-21,5570605,6092604,66.82,73.08,"18029","19777",95.57,104.84,"1040599",1093223,84.35,88.62,"837118",942610,45.85,51.63,"1445335","1631862",59.64,67.33,"1474450",1563095,54.98,58.28,"391215","441052","363859","400985"
2021-10-22,5581826,6101141,66.95,73.18,"18066","19814",95.77,105.04,"1041381",1093812,84.42,88.67,"840355",944966,46.03,51.75,"1449100","1634640",59.79,67.45,"1476170",1564528,55.04,58.33,"392161","441846","364593","401535"
2021-10-23,5588945,6106688,67.04,73.25,"18089","19832",95.89,105.13,"1042004",1094280,84.47,88.7,"842255",946369,46.13,51.83,"1451636","1636598",59.9,67.53,"1477223",1565417,55.08,58.37,"392790","442334","364948","401858"
2021-10-24,5593533,6110333,67.09,73.29,"18102","19841",95.96,105.18,"1042408",1094574,84.5,88.73,"843494",947228,46.2,51.88,"1453098","1637759",59.96,67.58,"1478134",1566183,55.11,58.4,"393212","442753","365085","401995"
2021-10-25,5603271,6119531,67.21,73.4,"18133","19879",96.12,105.38,"1043138",1095162,84.56,88.77,"846209",949853,46.35,52.02,"1456161","1640512",60.08,67.69,"1479718",1567841,55.17,58.46,"393997","443474","365915","402810"
2021-10-26,5612178,6128262,67.32,73.51,"18166","19905",96.3,105.52,"1043730",1095702,84.61,88.82,"848656",952148,46.48,52.15,"1459017","1643164",60.2,67.8,"1481331",1569506,55.23,58.52,"394681","444220","366597","403617"
2021-10-27,5621834,6139354,67.43,73.64,"18193","19937",96.44,105.69,"1044355",1096292,84.66,88.87,"851534",955717,46.64,52.34,"1461916","1646057",60.32,67.92,"1483081",1571489,55.3,58.59,"395455","445230","367300","404632"
2021-10-28,5631217,6150940,67.55,73.78,"18234","19964",96.66,105.83,"1045016",1096925,84.71,88.92,"854144",959422,46.78,52.55,"1464824","1649071",60.44,68.04,"1484889",1573677,55.37,58.68,"396145","446200","367965","405681"
2021-10-29,5641008,6163301,67.66,73.93,"18281","20016",96.91,106.11,"1045712",1097646,84.77,88.98,"856880",963106,46.93,52.75,"1467814","1652367",60.56,68.18,"1486651",1575939,55.43,58.76,"396940","447350","368730","406877"
2021-10-30,5646862,6168394,67.73,73.99,"18303","20035",97.03,106.21,"1046249",1098172,84.81,89.02,"858401",964299,47.01,52.81,"1469826","1654037",60.65,68.25,"1487607",1576904,55.47,58.8,"397378","447745","369098","407202"
2021-10-31,5650048,6171396,67.77,74.03,"18318","20049",97.11,106.28,"1046544",1098481,84.83,89.04,"859220",964947,47.06,52.85,"1470863","1654953",60.69,68.29,"1488200",1577575,55.49,58.82,"397675","448034","369228","407357"
2021-11-01,5657940,6179096,67.87,74.12,"18344","20069",97.24,106.39,"1047107",1099093,84.88,89.09,"861392",966734,47.18,52.95,"1473386","1657201",60.79,68.38,"1489606",1579149,55.54,58.88,"398265","448703","369840","408147"
2021-11-02,5665468,6186154,67.96,74.2,"18362","20090",97.34,106.5,"1047591",1099722,84.92,89.14,"863505",968356,47.29,53.04,"1475853","1659309",60.9,68.46,"1490861",1580613,55.59,58.93,"398873","449289","370423","408775"
2021-11-03,5673009,6193642,68.05,74.29,"18388","20116",97.48,106.64,"1048077",1100413,84.96,89.2,"865690",970036,47.41,53.13,"1478210","1661320",60.99,68.55,"1492174",1582422,55.64,59,"399421","449871","371049","409464"
2021-11-04,5680055,6203149,68.13,74.41,"18406","20132",97.57,106.72,"1048489",1101573,84.99,89.29,"867724",971602,47.52,53.21,"1480520","1663616",61.09,68.64,"1493404",1585564,55.68,59.12,"399951","450497","371561","410165"
2021-11-05,5687690,6214272,68.22,74.54,"18434","20154",97.72,106.84,"1049065",1103086,85.04,89.42,"869749",973579,47.64,53.32,"1483027","1666395",61.19,68.76,"1494715",1588976,55.73,59.25,"400549","451195","372151","410887"
2021-11-06,5692289,6224777,68.28,74.67,"18448","20173",97.79,106.94,"1049506",1105109,85.07,89.58,"871012",974804,47.7,53.39,"1484560","1668504",61.25,68.84,"1495405",1592978,55.76,59.4,"400910","451784","372448","411425"
2021-11-07,5695048,6231388,68.31,74.75,"18460","20187",97.86,107.01,"1049750",1106336,85.09,89.68,"871677",975514,47.74,53.43,"1485447","1669762",61.29,68.9,"1495944",1595727,55.78,59.5,"401192","452215","372578","411647"
2021-11-08,5701445,6246382,68.39,74.93,"18491","20230",98.02,107.24,"1050194",1109175,85.13,89.91,"873274",977472,47.83,53.54,"1487573","1673472",61.38,69.05,"1497103",1600574,55.82,59.68,"401696","453004","373114","412455"
2021-11-09,5707421,6262387,68.46,75.12,"18513","20263",98.14,107.42,"1050598",1111746,85.16,90.12,"874852",979783,47.91,53.66,"1489567","1678285",61.46,69.25,"1498118",1605290,55.86,59.85,"402156","453840","373617","413180"
2021-11-10,5713306,6279111,68.53,75.32,"18532","20300",98.24,107.61,"1051022",1114714,85.2,90.36,"876455",982167,48,53.79,"1491469","1683202",61.54,69.45,"1499150",1610011,55.9,60.03,"402580","454733","374098","413984"
2021-11-11,5719060,6291141,68.6,75.46,"18547","20325",98.32,107.74,"1051422",1116726,85.23,90.52,"878163",984053,48.1,53.9,"1493178","1685847",61.61,69.56,"1500211",1614004,55.94,60.18,"403069","455530","374470","414656"
2021-11-12,5725247,6307897,68.67,75.66,"18567","20363",98.43,107.95,"1051935",1120740,85.27,90.85,"879904",986604,48.19,54.04,"1495061","1690284",61.69,69.74,"1501326",1618079,55.98,60.33,"403490","456396","374964","415431"
2021-11-13,5729354,6317424,68.72,75.78,"18579","20381",98.49,108.04,"1052342",1123078,85.3,91.04,"881041",987946,48.25,54.11,"1496454","1692478",61.75,69.83,"1501930",1620746,56,60.43,"403787","456873","375221","415922"
2021-11-14,5731893,6323144,68.75,75.85,"18591","20388",98.55,108.08,"1052585",1124396,85.32,91.14,"881750",988644,48.29,54.15,"1497185","1693663",61.78,69.88,"1502447",1622603,56.02,60.5,"403998","457271","375337","416179"
2021-11-15,5738356,6336281,68.83,76,"18619","20420",98.7,108.25,"1053041",1126769,85.36,91.34,"883734",991096,48.4,54.28,"1499113","1697227",61.86,70.03,"1503522",1625880,56.06,60.62,"404450","458000","375877","416889"
2021-11-16,5744559,6345970,68.91,76.12,"18637","20441",98.8,108.36,"1053489",1128083,85.4,91.44,"885508",992836,48.5,54.38,"1500987","1699652",61.93,70.13,"1504586",1628654,56.1,60.73,"404947","458662","376405","417642"
2021-11-17,5751454,6355943,68.99,76.24,"18657","20463",98.9,108.48,"1053933",1129597,85.43,91.57,"887777",994582,48.62,54.47,"1502908","1702211",62.01,70.24,"1505748",1631444,56.14,60.83,"405468","459277","376963","418369"
2021-11-18,5758288,6366396,69.07,76.36,"18674","20491",98.99,108.62,"1054327",1131403,85.46,91.71,"890016",996439,48.75,54.57,"1504761","1704764",62.09,70.34,"1506992",1634192,56.19,60.93,"405963","459985","377555","419122"
2021-11-19,5765106,6378032,69.15,76.5,"18703","20520",99.15,108.78,"1054834",1133663,85.51,91.9,"892164",998428,48.86,54.68,"1506672","1707956",62.17,70.47,"1508073",1636861,56.23,61.03,"406475","460722","378185","419882"
2021-11-20,5768809,6387085,69.2,76.61,"18718","20537",99.23,108.87,"1055231",1136155,85.54,92.1,"893190",999731,48.92,54.75,"1507828","1710242",62.21,70.57,"1508687",1638900,56.25,61.11,"406700","461164","378455","420356"
2021-11-21,5770829,6391614,69.22,76.67,"18729","20544",99.28,108.91,"1055459",1137314,85.56,92.19,"893771",1000290,48.95,54.78,"1508400","1711253",62.24,70.61,"1509067",1640164,56.27,61.16,"406859","461497","378544","420552"
2021-11-22,5777042,6401820,69.3,76.79,"18753","20577",99.41,109.08,"1055917",1138967,85.59,92.33,"895563",1002173,49.05,54.89,"1510075","1714013",62.31,70.72,"1510322",1642600,56.31,61.25,"407346","462183","379066","421307"
2021-11-23,5782264,6411304,69.36,76.9,"18771","20593",99.51,109.17,"1056308",1140561,85.63,92.45,"897013",1003826,49.13,54.98,"1511481","1716488",62.37,70.82,"1511431",1645032,56.36,61.34,"407747","462778","379513","422026"
2021-11-24,5787382,6419790,69.42,77.01,"18782","20615",99.57,109.28,"1056782",1142646,85.66,92.62,"898442",1005278,49.21,55.06,"1512774","1718593",62.42,70.91,"1512549",1646722,56.4,61.4,"408119","463237","379934","422699"
2021-11-25,5787776,6420264,69.42,77.01,"18782","20616",99.57,109.29,"1056809",1142786,85.67,92.64,"898523",1005314,49.21,55.06,"1512841","1718656",62.42,70.91,"1512700",1646862,56.4,61.4,"408151","463281","379970","422749"
2021-11-26,5794784,6427843,69.51,77.1,"18799","20631",99.66,109.37,"1057810",1144714,85.75,92.79,"900010",1006491,49.29,55.12,"1514380","1720524",62.48,70.99,"1514846",1648423,56.48,61.46,"408583","463792","380356","423268"
2021-11-27,5801433,6434109,69.59,77.18,"18813","20643",99.73,109.43,"1059249",1146450,85.86,92.93,"901035",1007425,49.35,55.18,"1515760","1722144",62.54,71.06,"1516993",1649606,56.56,61.51,"408958","464209","380625","423632"
2021-11-28,5806835,6437983,69.65,77.22,"18824","20659",99.79,109.52,"1060406",1147484,85.96,93.02,"901655",1007939,49.38,55.2,"1516658","1723124",62.58,71.1,"1519353",1650448,56.65,61.54,"409195","464526","380744","423803"
2021-11-29,5817645,6446881,69.78,77.33,"18851","20673",99.93,109.59,"1061833",1148835,86.07,93.13,"903531",1009558,49.49,55.29,"1519138","1725452",62.68,71.19,"1523083",1652414,56.79,61.61,"409799","465305","381410","424644"
2021-11-30,5828996,6457064,69.92,77.45,"18871","20687",100.04,109.66,"1063682",1150628,86.22,93.27,"905384",1011260,49.59,55.39,"1521849","1728399",62.79,71.32,"1526834",1654472,56.93,61.69,"410388","466112","381988","425506"
2021-12-01,5840121,6467868,70.05,77.58,"18901","20710",100.2,109.79,"1065341",1152620,86.36,93.43,"907418",1013143,49.7,55.49,"1524628","1731493",62.91,71.44,"1530195",1656689,57.05,61.77,"411036","466850","382602","426363"
2021-12-02,5851122,6478757,70.18,77.71,"18922","20733",100.31,109.91,"1067030",1154535,86.49,93.59,"909406",1014979,49.81,55.59,"1527281","1734733",63.02,71.58,"1533703",1658843,57.19,61.85,"411632","467597","383148","427337"
2021-12-03,5863938,6491621,70.34,77.87,"18955","20763",100.48,110.07,"1069701",1157118,86.71,93.8,"911406",1017005,49.92,55.7,"1530629","1738930",63.16,71.75,"1537244",1661074,57.32,61.93,"412201","468393","383802","428338"
2021-12-04,5874784,6501091,70.47,77.98,"18972","20781",100.57,110.16,"1072603",1159750,86.95,94.01,"912818",1018414,49.99,55.78,"1532954","1741624",63.25,71.86,"1540538",1662615,57.44,61.99,"412640","469000","384259","428907"
2021-12-05,5880297,6506485,70.53,78.05,"18981","20795",100.62,110.24,"1074030",1161357,87.06,94.14,"913516",1019114,50.03,55.82,"1534043","1742968",63.3,71.92,"1542370",1663710,57.51,62.03,"412942","469403","384415","429138"
2021-12-06,5890286,6518152,70.65,78.19,"19005","20821",100.75,110.37,"1075796",1163610,87.2,94.32,"915341",1020919,50.13,55.91,"1536748","1746413",63.41,72.06,"1545107",1666097,57.61,62.12,"413384","470191","384905","430101"
2021-12-07,5899572,6529903,70.77,78.33,"19027","20850",100.86,110.53,"1077250",1165755,87.32,94.5,"917026",1022778,50.22,56.02,"1539365","1749765",63.52,72.2,"1547585",1668625,57.7,62.22,"413899","470976","385420","431154"
2021-12-08,5908359,6542524,70.87,78.48,"19052","20893",101,110.76,"1078704",1168581,87.44,94.73,"918822",1024943,50.32,56.14,"1541812","1753113",63.62,72.34,"1549696",1671180,57.78,62.31,"414372","471719","385901","432095"
2021-12-09,5917131,6555050,70.98,78.63,"19078","20930",101.13,110.95,"1080323",1171299,87.57,94.95,"920521",1026947,50.42,56.24,"1544149","1756622",63.71,72.48,"1551839",1673723,57.86,62.41,"414858","472571","386363","432958"
2021-12-10,5927302,6568364,71.1,78.79,"19098","20954",101.24,111.08,"1082686",1174276,87.76,95.19,"922353",1029181,50.52,56.37,"1546826","1760426",63.82,72.64,"1554070",1676228,57.94,62.5,"415410","473435","386859","433864"
2021-12-11,5935301,6578166,71.19,78.91,"19111","20965",101.31,111.14,"1085153",1177057,87.96,95.41,"923620",1030727,50.59,56.45,"1548663","1763067",63.9,72.75,"1555798",1677893,58.01,62.56,"415768","474027","387188","434430"
2021-12-12,5939117,6583821,71.24,78.97,"19120","20980",101.36,111.22,"1086307",1178700,88.06,95.55,"924188",1031516,50.62,56.5,"1549390","1764357",63.93,72.8,"1556776",1679143,58.05,62.61,"416013","474420","387323","434705"
2021-12-13,5946829,6595508,71.33,79.11,"19149","21002",101.51,111.33,"1087492",1180862,88.15,95.72,"925873",1033582,50.71,56.61,"1551577","1767519",64.02,72.93,"1558511",1681615,58.11,62.7,"416479","475214","387748","435714"
2021-12-14,5954072,6607090,71.42,79.25,"19163","21032",101.59,111.49,"1088406",1182640,88.23,95.87,"927532",1035674,50.8,56.72,"1553688","1770744",64.11,73.06,"1560156",1684357,58.17,62.8,"416928","475977","388199","436666"
2021-12-15,5960624,6618454,71.5,79.39,"19180","21055",101.68,111.61,"1089532",1184326,88.32,96,"929000",1037737,50.88,56.84,"1555478","1774024",64.18,73.2,"1561487",1686899,58.22,62.9,"417321","476871","388626","437542"
2021-12-16,5965193,6630558,71.55,79.53,"19191","21092",101.73,111.81,"1090112",1186081,88.37,96.14,"930013",1039855,50.94,56.95,"1556802","1777495",64.24,73.34,"1562506",1689664,58.26,63,"417631","477812","388938","438559"
2021-12-17,5972222,6645471,71.64,79.71,"19209","21140",101.83,112.07,"1091748",1188630,88.5,96.35,"931300",1042549,51.01,57.1,"1558868","1782030",64.32,73.53,"1563802",1692535,58.31,63.11,"418003","478870","389292","439717"
2021-12-18,5977887,6657837,71.7,79.86,"19221","21168",101.89,112.21,"1093539",1191521,88.64,96.59,"932314",1044641,51.06,57.21,"1560277","1785683",64.38,73.68,"1564722",1694676,58.34,63.19,"418281","479679","389533","440469"
2021-12-19,5980934,6664508,71.74,79.94,"19225","21185",101.91,112.3,"1094446",1193058,88.72,96.71,"932835",1045716,51.09,57.27,"1560957","1787440",64.41,73.75,"1565365",1696117,58.37,63.24,"418476","480187","389630","440805"
2021-12-20,5987080,6680404,71.81,80.13,"19236","21239",101.97,112.59,"1095375",1195295,88.79,96.89,"934276",1048854,51.17,57.44,"1562784","1792031",64.48,73.94,"1566503",1699243,58.41,63.36,"418858","481577","390048","442165"
2021-12-21,5993943,6697492,71.9,80.34,"19256","21293",102.08,112.88,"1096414",1197707,88.88,97.09,"935844",1052406,51.26,57.64,"1564867","1796920",64.57,74.14,"1567781",1702424,58.46,63.48,"419267","482946","390514","443796"
2021-12-22,6000922,6715166,71.98,80.55,"19264","21337",102.12,113.11,"1097540",1200278,88.97,97.3,"937504",1056175,51.35,57.85,"1566917","1801934",64.65,74.35,"1568974",1705512,58.5,63.59,"419713","484449","391010","445481"
2021-12-23,6007857,6733160,72.06,80.76,"19281","21383",102.21,113.35,"1098991",1203250,89.09,97.54,"939032",1060223,51.43,58.07,"1568804","1806713",64.73,74.55,"1570172",1708389,58.55,63.7,"420134","486140","391443","447062"
2021-12-24,6011238,6742226,72.1,80.87,"19296","21406",102.29,113.48,"1099975",1205283,89.16,97.7,"939712",1062234,51.47,58.18,"1569540","1808683",64.76,74.63,"1570723",1709725,58.57,63.75,"420343","486939","391649","447956"
2021-12-25,6011325,6742544,72.11,80.88,"19296","21407",102.29,113.48,"1099998",1205327,89.17,97.7,"939715",1062249,51.47,58.18,"1569552","1808734",64.76,74.63,"1570756",1709840,58.57,63.75,"420345","486970","391663","448017"
2021-12-26,6015357,6750373,72.15,80.97,"19303","21436",102.33,113.63,"1101540",1207350,89.29,97.87,"940368",1063580,51.5,58.25,"1570562","1810981",64.8,74.72,"1571273",1710938,58.59,63.79,"420528","487682","391783","448406"
2021-12-27,6025106,6771780,72.27,81.23,"19338","21501",102.51,113.98,"1103829",1210917,89.48,98.16,"942343",1068144,51.61,58.5,"1573558","1817431",64.93,74.99,"1572553",1713707,58.63,63.9,"421118","489598","392367","450482"
2021-12-28,6033711,6791140,72.37,81.46,"19361","21557",102.63,114.28,"1105533",1214662,89.62,98.46,"944184",1072110,51.71,58.72,"1576406","1823402",65.04,75.24,"1573791",1716155,58.68,63.99,"421581","491152","392855","452102"
2021-12-29,6041622,6808736,72.47,81.67,"19384","21587",102.76,114.43,"1107259",1218164,89.76,98.75,"945921",1075760,51.81,58.92,"1578861","1828934",65.15,75.46,"1574872",1718281,58.72,64.07,"422046","492557","393279","453453"
2021-12-30,6049300,6824671,72.56,81.86,"19412","21633",102.91,114.68,"1109076",1221457,89.9,99.01,"947699",1079151,51.9,59.1,"1581039","1833851",65.24,75.67,"1575911",1720179,58.76,64.14,"422480","493849","393683","454551"
2021-12-31,6052204,6829623,72.6,81.92,"19420","21653",102.95,114.78,"1110089",1222593,89.98,99.1,"948234",1080052,51.93,59.15,"1581646","1835074",65.26,75.72,"1576332",1720813,58.78,64.16,"422617","494275","393866","455163"
2022-01-01,6052336,6829849,72.6,81.92,"19420","21654",102.95,114.79,"1110129",1222638,89.99,99.11,"948258",1080091,51.94,59.16,"1581672","1835124",65.26,75.72,"1576361",1720865,58.78,64.16,"422619","494291","393877","455186"
2022-01-02,6057267,6836074,72.66,82,"19426","21669",102.98,114.87,"1111852",1223934,90.13,99.21,"949091",1081240,51.98,59.22,"1583004","1837423",65.32,75.81,"1577043",1721552,58.8,64.19,"422879","494825","393972","455431"
2022-01-03,6065963,6849887,72.76,82.16,"19440","21694",103.05,115,"1113549",1225894,90.27,99.37,"951043",1084379,52.09,59.39,"1585757","1842065",65.43,76.01,"1578318",1723336,58.85,64.26,"423383","495983","394473","456536"
2022-01-04,6074187,6862528,72.86,82.32,"19464","21720",103.18,115.14,"1114810",1227585,90.37,99.51,"952998",1087243,52.19,59.55,"1588479","1846282",65.54,76.18,"1579545",1725006,58.89,64.32,"423875","497062","395016","457630"
2022-01-05,6081191,6873590,72.94,82.45,"19478","21748",103.25,115.29,"1115803",1229139,90.45,99.63,"954727",1089859,52.29,59.69,"1590843","1849965",65.64,76.33,"1580606",1726441,58.93,64.37,"424309","497948","395425","458490"
2022-01-06,6088665,6884512,73.03,82.58,"19498","21774",103.36,115.43,"1116984",1230689,90.54,99.76,"956512",1092380,52.39,59.83,"1593291","1853456",65.74,76.48,"1581753",1727933,58.98,64.43,"424762","498846","395865","459434"
2022-01-07,6096974,6894378,73.13,82.7,"19527","21803",103.51,115.58,"1118703",1232208,90.68,99.88,"958282",1094400,52.48,59.94,"1595968","1856844",65.85,76.62,"1582989",1729307,59.02,64.48,"425212","499586","396293","460230"
2022-01-08,6105367,6901865,73.23,82.79,"19542","21827",103.59,115.71,"1121087",1233655,90.88,100,"959965",1096016,52.58,60.03,"1598509","1859420",65.96,76.72,"1584030",1730146,59.06,64.51,"425564","500107","396670","460694"
2022-01-09,6109173,6905816,73.28,82.84,"19549","21833",103.63,115.74,"1122160",1234516,90.96,100.07,"960652",1096757,52.61,60.07,"1599587","1860594",66,76.77,"1584652",1730742,59.09,64.53,"425773","500462","396800","460912"
2022-01-10,6117622,6915694,73.38,82.95,"19574","21855",103.76,115.86,"1123277",1235996,91.05,100.19,"962841",1099041,52.73,60.19,"1602312","1863751",66.11,76.9,"1585897",1732092,59.13,64.58,"426371","501190","397350","461769"
2022-01-11,6125785,6924425,73.48,83.06,"19601","21878",103.91,115.98,"1124221",1237194,91.13,100.29,"964899",1100965,52.85,60.3,"1604982","1866488",66.22,77.01,"1587224",1733471,59.18,64.63,"426905","501892","397953","462537"
2022-01-12,6134193,6932951,73.58,83.16,"19620","21899",104.01,116.09,"1125143",1238368,91.2,100.38,"967158",1103022,52.97,60.41,"1607822","1869186",66.34,77.12,"1588456",1734670,59.23,64.68,"427464","502521","398530","463285"
2022-01-13,6142910,6941465,73.68,83.26,"19640","21925",104.11,116.23,"1126221",1239490,91.29,100.47,"969630",1105016,53.11,60.52,"1610509","1871855",66.45,77.23,"1589712",1735951,59.27,64.73,"428118","503154","399080","464074"
2022-01-14,6150882,6951111,73.78,83.38,"19657","21951",104.2,116.36,"1127664",1240973,91.41,100.59,"971546",1107071,53.21,60.63,"1613006","1875192",66.55,77.37,"1590830",1737244,59.32,64.77,"428606","503811","399573","464869"
2022-01-15,6155105,6957067,73.83,83.45,"19661","21964",104.22,116.43,"1128674",1242191,91.49,100.69,"972450",1108391,53.26,60.71,"1614345","1877172",66.61,77.45,"1591365",1737910,59.34,64.8,"428829","504207","399781","465232"
2022-01-16,6158381,6959830,73.87,83.48,"19669","21971",104.27,116.47,"1129560",1242846,91.56,100.75,"973090",1108906,53.3,60.73,"1615312","1878037",66.65,77.49,"1591810",1738279,59.35,64.81,"429030","504407","399910","465384"
2022-01-17,6165319,6965694,73.95,83.55,"19682","21984",104.34,116.54,"1130735",1243908,91.66,100.83,"974760",1110111,53.39,60.8,"1617331","1879787",66.73,77.56,"1593030",1739282,59.4,64.85,"429513","504859","400268","465763"
2022-01-18,6175171,6973202,74.07,83.64,"19708","22004",104.47,116.65,"1131964",1244912,91.76,100.91,"977408",1111819,53.53,60.89,"1620776","1882255",66.88,77.66,"1594242",1740343,59.44,64.89,"430149","505428","400924","466441"
2022-01-19,6183633,6979874,74.17,83.72,"19725","22020",104.56,116.73,"1132977",1245776,91.84,100.98,"979839",1113376,53.66,60.98,"1623843","1884561",67,77.76,"1595219",1741283,59.48,64.93,"430636","505873","401394","466985"
2022-01-20,6191501,6985418,74.27,83.79,"19749","22038",104.69,116.83,"1134038",1246516,91.93,101.04,"981880",1114619,53.78,61.05,"1626644","1886449",67.12,77.84,"1596273",1742111,59.52,64.96,"431142","506221","401775","467464"
2022-01-21,6197744,6991177,74.34,83.86,"19768","22052",104.79,116.9,"1135180",1247434,92.02,101.12,"983334",1115855,53.86,61.11,"1628784","1888544",67.21,77.92,"1597063",1742787,59.55,64.98,"431533","506644","402082","467861"
2022-01-22,6200450,6993196,74.37,83.88,"19775","22057",104.83,116.93,"1135917",1247801,92.08,101.15,"983917",1116263,53.89,61.14,"1629672","1889383",67.24,77.96,"1597316",1742989,59.56,64.99,"431670","506761","402183","467942"
