"DATE","CITY_COUNT_FULLY_CUMULATIVE","CITY_COUNT_1PLUS_CUMULATIVE","CITY_PERC_FULLY","CITY_PERC_1PLUS","COUNT_FULLY_CUMULATIVE_FEMALE","COUNT_1PLUS_CUMULATIVE_FEMALE","PERC_FULLY_FEMALE","PERC_1PLUS_FEMALE","COUNT_FULLY_CUMULATIVE_MALE","COUNT_1PLUS_CUMULATIVE_MALE","PERC_FULLY_MALE","PERC_1PLUS_MALE","COUNT_FULLY_CUMULATIVE_OTHER","COUNT_1PLUS_CUMULATIVE_OTHER","COUNT_FULLY_CUMULATIVE_UNKNOWN","COUNT_1PLUS_CUMULATIVE_UNKNOWN"
2020-12-14,14,98,0,0,"<10",37,0,0,"<10",61,0,0,"<10","<10","<10","<10"
2020-12-15,39,1669,0,0.02,"14",837,0,0.02,"25",824,0,0.02,"<10","<10","<10","<10"
2020-12-16,65,5136,0,0.06,"26",2624,0,0.06,"38",2493,0,0.06,"<10","<10","<10","19"
2020-12-17,92,9019,0,0.11,"37",4585,0,0.11,"54",4400,0,0.11,"<10","<10","<10","34"
2020-12-18,135,13775,0,0.17,"60",7095,0,0.16,"74",6624,0,0.17,"<10","<10","<10","55"
2020-12-19,146,15185,0,0.18,"64",7852,0,0.18,"81",7270,0,0.18,"<10","<10","<10","62"
2020-12-20,153,16042,0,0.19,"67",8355,0,0.19,"85",7620,0,0.19,"<10","<10","<10","66"
2020-12-21,180,21449,0,0.26,"80",11488,0,0.26,"99",9881,0,0.25,"<10","<10","<10","79"
2020-12-22,218,29342,0,0.35,"98",15966,0,0.37,"119",13270,0,0.33,"<10","<10","<10","105"
2020-12-23,264,40467,0,0.49,"131",22464,0,0.52,"132",17872,0,0.45,"<10","<10","<10","130"
2020-12-24,293,46044,0,0.55,"147",25825,0,0.59,"145",20078,0,0.5,"<10","<10","<10","140"
2020-12-25,294,46246,0,0.55,"148",25919,0,0.59,"145",20186,0,0.51,"<10","<10","<10","140"
2020-12-26,334,49289,0,0.59,"166",27771,0,0.64,"167",21370,0,0.54,"<10","<10","<10","147"
2020-12-27,351,51838,0,0.62,"176",29206,0,0.67,"174",22478,0,0.56,"<10","<10","<10","153"
2020-12-28,420,60424,0.01,0.72,"213",34108,0,0.78,"205",26138,0.01,0.66,"<10","<10","<10","176"
2020-12-29,484,69309,0.01,0.83,"242",39234,0.01,0.9,"240",29865,0.01,0.75,"<10","<10","<10","207"
2020-12-30,559,79617,0.01,0.96,"284",45352,0.01,1.04,"273",33997,0.01,0.85,"<10","<10","<10","263"
2020-12-31,603,85596,0.01,1.03,"309",48935,0.01,1.12,"292",36308,0.01,0.91,"<10","<10","<10","346"
2021-01-01,673,86259,0.01,1.03,"356",49328,0.01,1.13,"315",36570,0.01,0.92,"<10","<10","<10","354"
2021-01-02,696,89183,0.01,1.07,"368",50965,0.01,1.17,"326",37833,0.01,0.95,"<10","<10","<10","377"
2021-01-03,734,91989,0.01,1.1,"390",52575,0.01,1.21,"341",38998,0.01,0.98,"<10","<10","<10","408"
2021-01-04,1399,102142,0.02,1.23,"696",58630,0.02,1.35,"697",43025,0.02,1.08,"<10","<10","<10","478"
2021-01-05,3120,114008,0.04,1.37,"1577",65387,0.04,1.5,"1529",47984,0.04,1.21,"<10","<10","13","628"
2021-01-06,6149,128820,0.07,1.55,"3101",74145,0.07,1.7,"3023",53871,0.08,1.35,"<10","13","24","791"
2021-01-07,10344,142974,0.12,1.71,"5259",82781,0.12,1.9,"5043",59291,0.13,1.49,"<10","13","41","889"
2021-01-08,14786,156851,0.18,1.88,"7679",91522,0.18,2.1,"7047",64360,0.18,1.62,"<10","13","59","956"
2021-01-09,15956,163603,0.19,1.96,"8327",95766,0.19,2.2,"7568",66835,0.19,1.68,"<10","14","60","988"
2021-01-10,16772,170237,0.2,2.04,"8783",100046,0.2,2.3,"7926",69152,0.2,1.74,"<10","14","62","1025"
2021-01-11,22915,190245,0.27,2.28,"12291",111335,0.28,2.55,"10542",77809,0.26,1.96,"<10","15","81","1086"
2021-01-12,29348,212890,0.35,2.55,"16006",124158,0.37,2.85,"13246",87536,0.33,2.2,"<10","17","95","1179"
2021-01-13,36814,238614,0.44,2.86,"20419",139160,0.47,3.19,"16281",98157,0.41,2.47,"<10","18","113","1279"
2021-01-14,40929,266917,0.49,3.2,"22934",155516,0.53,3.57,"17875",109980,0.45,2.76,"<10","24","119","1397"
2021-01-15,43792,289967,0.53,3.48,"24672",169438,0.57,3.89,"18997",119017,0.48,2.99,"<10","27","122","1485"
2021-01-16,45472,313809,0.55,3.76,"25653",183475,0.59,4.21,"19694",128709,0.5,3.24,"<10","42","122","1583"
2021-01-17,46568,331977,0.56,3.98,"26364",194116,0.6,4.45,"20072",136131,0.5,3.42,"<10","57","127","1673"
2021-01-18,48889,354005,0.59,4.25,"27586",206724,0.63,4.74,"21159",145459,0.53,3.66,"<10","63","138","1759"
2021-01-19,56799,380703,0.68,4.57,"32160",222012,0.74,5.09,"24468",156742,0.62,3.94,"<10","65","165","1884"
2021-01-20,64291,408729,0.77,4.9,"36709",238037,0.84,5.46,"27395",168632,0.69,4.24,"<10","71","180","1989"
2021-01-21,70411,428942,0.84,5.15,"40352",249768,0.93,5.73,"29849",177022,0.75,4.45,"<10","74","201","2078"
2021-01-22,73776,448517,0.88,5.38,"42517",261352,0.98,6,"31039",184899,0.78,4.65,"<10","79","211","2187"
2021-01-23,76182,460708,0.91,5.53,"43944",268296,1.01,6.16,"32016",190077,0.8,4.78,"<10","81","213","2254"
2021-01-24,78720,465947,0.94,5.59,"45397",271187,1.04,6.22,"33092",192359,0.83,4.84,"10","83","221","2318"
2021-01-25,88013,477150,1.06,5.72,"50969",277549,1.17,6.37,"36787",197108,0.92,4.95,"12","84","245","2409"
2021-01-26,96594,490669,1.16,5.89,"55947",285231,1.28,6.54,"40349",202880,1.01,5.1,"12","88","286","2470"
2021-01-27,106620,507567,1.28,6.09,"61847",294768,1.42,6.76,"44420",210105,1.12,5.28,"14","89","339","2605"
2021-01-28,116373,533130,1.4,6.39,"67822",309389,1.56,7.1,"48107",220903,1.21,5.55,"14","91","430","2747"
2021-01-29,125113,559067,1.5,6.71,"73308",324810,1.68,7.45,"51311",231243,1.29,5.81,"14","94","480","2920"
2021-01-30,128426,574682,1.54,6.89,"75298",333846,1.73,7.66,"52611",237723,1.32,5.98,"15","95","502","3018"
2021-01-31,131071,585473,1.57,7.02,"76808",340044,1.76,7.8,"53715",242226,1.35,6.09,"15","96","533","3107"
2021-02-01,136160,587263,1.63,7.04,"79729",340980,1.83,7.82,"55859",243069,1.4,6.11,"16","96","556","3118"
2021-02-02,144641,590258,1.73,7.08,"84777",342687,1.95,7.86,"59222",244341,1.49,6.14,"16","96","626","3134"
2021-02-03,162343,604073,1.95,7.25,"95016",350411,2.18,8.04,"66449",250321,1.67,6.29,"27","98","851","3243"
2021-02-04,178866,627836,2.15,7.53,"104833",363323,2.41,8.34,"73028",261009,1.84,6.56,"31","105","974","3399"
2021-02-05,195332,652403,2.34,7.83,"115061",377017,2.64,8.65,"79156",271674,1.99,6.83,"35","109","1080","3603"
2021-02-06,204350,673220,2.45,8.08,"120635",389059,2.77,8.93,"82547",280317,2.07,7.05,"43","115","1125","3729"
2021-02-07,210739,683957,2.53,8.2,"124571",394947,2.86,9.06,"84958",285093,2.14,7.17,"50","120","1160","3797"
2021-02-08,229217,698908,2.75,8.38,"134677",403210,3.09,9.25,"93250",291640,2.34,7.33,"52","124","1238","3934"
2021-02-09,250938,714083,3.01,8.57,"146762",411635,3.37,9.44,"102780",298251,2.58,7.5,"52","126","1344","4071"
2021-02-10,273824,731136,3.28,8.77,"159888",421027,3.67,9.66,"112417",305771,2.83,7.69,"57","129","1462","4209"
2021-02-11,299541,756001,3.59,9.07,"174525",434222,4,9.96,"123362",317301,3.1,7.98,"61","135","1593","4343"
2021-02-12,323196,788921,3.88,9.46,"188484",452948,4.32,10.39,"132945",331339,3.34,8.33,"63","140","1704","4494"
2021-02-13,342317,812290,4.11,9.74,"199618",465858,4.58,10.69,"140820",341674,3.54,8.59,"66","147","1813","4611"
2021-02-14,361029,826188,4.33,9.91,"210547",473376,4.83,10.86,"148516",347924,3.73,8.75,"70","151","1896","4737"
2021-02-15,369594,837338,4.43,10.04,"215541",479115,4.95,10.99,"152019",353236,3.82,8.88,"71","153","1963","4834"
2021-02-16,390386,849484,4.68,10.19,"227498",485627,5.22,11.14,"160718",358742,4.04,9.02,"74","156","2096","4959"
2021-02-17,407824,862774,4.89,10.35,"237629",492665,5.45,11.3,"167942",364880,4.22,9.17,"76","158","2177","5071"
2021-02-18,428551,873098,5.14,10.47,"249347",497925,5.72,11.42,"176850",369820,4.45,9.3,"77","163","2277","5190"
2021-02-19,448074,884015,5.37,10.6,"260795",503716,5.98,11.56,"184804",374830,4.65,9.42,"79","167","2396","5302"
2021-02-20,469191,893640,5.63,10.72,"273028",509024,6.26,11.68,"193585",379027,4.87,9.53,"79","172","2499","5417"
2021-02-21,483042,898699,5.79,10.78,"280937",511761,6.45,11.74,"199442",381262,5.01,9.58,"81","172","2582","5504"
2021-02-22,493280,909492,5.92,10.91,"286796",517272,6.58,11.87,"203774",386423,5.12,9.71,"81","175","2629","5622"
2021-02-23,505624,930836,6.06,11.17,"294010",528320,6.75,12.12,"208861",396488,5.25,9.97,"83","190","2670","5838"
2021-02-24,523074,962520,6.27,11.55,"303995",545062,6.97,12.51,"216197",410851,5.43,10.33,"85","215","2797","6392"
2021-02-25,548740,1010609,6.58,12.12,"318710",570260,7.31,13.08,"227010",432941,5.71,10.88,"92","261","2928","7147"
2021-02-26,575916,1064908,6.91,12.77,"334830",599301,7.68,13.75,"237875",457315,5.98,11.49,"99","315","3112","7977"
2021-02-27,595888,1109521,7.15,13.31,"346515",623244,7.95,14.3,"246045",477215,6.18,12,"103","352","3225","8710"
2021-02-28,608258,1148125,7.3,13.77,"353567",643385,8.11,14.76,"251268",494943,6.32,12.44,"107","386","3316","9411"
2021-03-01,620328,1182868,7.44,14.19,"360315",661670,8.27,15.18,"256509",510703,6.45,12.84,"111","425","3393","10070"
2021-03-02,631894,1222319,7.58,14.66,"366697",682602,8.41,15.66,"261615",528430,6.58,13.28,"113","461","3469","10826"
2021-03-03,646319,1263577,7.75,15.16,"374795",704247,8.6,16.16,"267852",547281,6.73,13.76,"117","497","3555","11552"
2021-03-04,668121,1314938,8.01,15.77,"386746",731019,8.87,16.77,"277565",570944,6.98,14.35,"124","544","3686","12431"
2021-03-05,692578,1368253,8.31,16.41,"400233",759626,9.18,17.43,"288311",594708,7.25,14.95,"129","585","3905","13334"
2021-03-06,713410,1411842,8.56,16.94,"411635",782944,9.44,17.96,"297498",614044,7.48,15.43,"137","629","4140","14225"
2021-03-07,731034,1445764,8.77,17.34,"420925",800607,9.66,18.37,"305591",629415,7.68,15.82,"150","676","4368","15066"
2021-03-08,749870,1485271,8.99,17.82,"430509",821090,9.88,18.84,"314507",647452,7.91,16.27,"159","727","4695","16002"
2021-03-09,767592,1526305,9.21,18.31,"439595",843061,10.09,19.34,"322897",665690,8.12,16.73,"171","779","4929","16775"
2021-03-10,785831,1577295,9.43,18.92,"449210",870566,10.31,19.97,"331320",688319,8.33,17.3,"180","825","5121","17585"
2021-03-11,810192,1636265,9.72,19.63,"461765",902130,10.59,20.7,"342935",715034,8.62,17.97,"186","861","5306","18240"
2021-03-12,840524,1688281,10.08,20.25,"478529",930616,10.98,21.35,"356322",737864,8.96,18.55,"194","893","5479","18908"
2021-03-13,867474,1729385,10.41,20.74,"493354",952946,11.32,21.86,"368209",755914,9.26,19,"207","922","5704","19603"
2021-03-14,884840,1761015,10.61,21.12,"502774",969502,11.54,22.24,"375970",770221,9.45,19.36,"210","957","5886","20335"
2021-03-15,904540,1796215,10.85,21.55,"512902",988067,11.77,22.67,"385399",786217,9.69,19.76,"215","997","6024","20934"
2021-03-16,927480,1836058,11.13,22.02,"524845",1009682,12.04,23.17,"396194",803840,9.96,20.2,"230","1024","6211","21512"
2021-03-17,953988,1878134,11.44,22.53,"538732",1032169,12.36,23.68,"408282",823065,10.26,20.69,"255","1044","6719","21856"
2021-03-18,983563,1928383,11.8,23.13,"554179",1058648,12.72,24.29,"421739",846347,10.6,21.27,"291","1067","7354","22321"
2021-03-19,1016079,1977045,12.19,23.71,"571357",1085017,13.11,24.89,"436309",868224,10.97,21.82,"342","1091","8071","22713"
2021-03-20,1044124,2016839,12.52,24.19,"586613",1106335,13.46,25.38,"448414",886242,11.27,22.28,"381","1118","8716","23144"
2021-03-21,1063099,2044589,12.75,24.52,"596345",1120859,13.68,25.72,"457018",899035,11.49,22.6,"410","1138","9326","23557"
2021-03-22,1091257,2079781,13.09,24.95,"610808",1139125,14.01,26.14,"470042",915488,11.81,23.01,"447","1172","9960","23996"
2021-03-23,1125379,2119764,13.5,25.43,"628461",1160027,14.42,26.62,"485705",934170,12.21,23.48,"484","1182","10729","24385"
2021-03-24,1163875,2162875,13.96,25.94,"648403",1182550,14.88,27.13,"503509",954316,12.66,23.99,"520","1193","11443","24816"
2021-03-25,1214032,2208190,14.56,26.49,"674695",1206478,15.48,27.68,"526428",975325,13.23,24.52,"560","1203","12349","25184"
2021-03-26,1267360,2248278,15.2,26.97,"703489",1227878,16.14,28.17,"550047",993648,13.83,24.98,"599","1214","13225","25538"
2021-03-27,1311642,2285049,15.73,27.41,"727205",1247047,16.69,28.61,"569762",1010938,14.32,25.41,"640","1228","14035","25836"
2021-03-28,1344487,2311340,16.13,27.72,"744465",1260173,17.08,28.91,"584625",1023855,14.69,25.74,"677","1240","14720","26072"
2021-03-29,1383254,2347374,16.59,28.16,"764800",1279016,17.55,29.35,"602232",1040780,15.14,26.16,"723","1250","15499","26328"
2021-03-30,1425156,2389570,17.09,28.66,"787262",1301111,18.06,29.85,"620992",1060622,15.61,26.66,"761","1265","16141","26572"
2021-03-31,1472709,2443198,17.67,29.31,"812512",1328683,18.64,30.49,"642422",1086183,16.15,27.3,"812","1299","16963","27033"
2021-04-01,1532413,2503323,18.38,30.03,"843613",1359107,19.36,31.18,"670163",1115279,16.84,28.03,"857","1330","17780","27607"
2021-04-02,1591818,2557309,19.09,30.67,"875192",1386882,20.08,31.82,"697124",1140947,17.52,28.68,"898","1368","18604","28112"
2021-04-03,1637332,2604435,19.64,31.24,"899296",1410608,20.63,32.37,"717723",1163844,18.04,29.25,"931","1406","19382","28577"
2021-04-04,1666231,2634242,19.99,31.6,"913986",1425088,20.97,32.7,"731116",1178754,18.38,29.63,"976","1438","20153","28962"
2021-04-05,1709967,2685880,20.51,32.22,"936729",1451308,21.49,33.3,"751286",1203675,18.88,30.25,"1022","1479","20930","29418"
2021-04-06,1757241,2751186,21.08,33,"961957",1485048,22.07,34.07,"772503",1234632,19.42,31.03,"1062","1525","21719","29981"
2021-04-07,1809110,2819820,21.7,33.82,"989426",1520494,22.7,34.89,"796350",1266857,20.02,31.84,"1093","1598","22241","30871"
2021-04-08,1868416,2893214,22.41,34.7,"1020669",1558345,23.42,35.76,"823860",1301432,20.71,32.71,"1126","1680","22761","31757"
2021-04-09,1929204,2966006,23.14,35.58,"1053149",1596412,24.16,36.63,"851563",1335154,21.4,33.56,"1157","1748","23335","32692"
2021-04-10,1974181,3025848,23.68,36.3,"1076729",1627066,24.7,37.33,"872412",1363565,21.93,34.27,"1190","1798","23850","33419"
2021-04-11,2007527,3069582,24.08,36.82,"1093700",1648719,25.09,37.83,"888296",1384850,22.33,34.81,"1211","1874","24320","34139"
2021-04-12,2050406,3127206,24.59,37.51,"1115725",1677916,25.6,38.5,"908521",1412344,22.84,35.5,"1241","1960","24919","34986"
2021-04-13,2082282,3177837,24.98,38.12,"1133038",1703949,26,39.1,"922743",1436174,23.19,36.1,"1247","2022","25254","35692"
2021-04-14,2118948,3225968,25.42,38.7,"1152629",1728974,26.45,39.67,"939447",1458552,23.61,36.66,"1254","2075","25618","36367"
2021-04-15,2159287,3276295,25.9,39.3,"1174073",1754716,26.94,40.26,"957992",1482422,24.08,37.26,"1265","2105","25957","37052"
2021-04-16,2198183,3326137,26.37,39.9,"1195258",1780435,27.42,40.85,"975362",1505850,24.52,37.85,"1283","2157","26280","37695"
2021-04-17,2231300,3368811,26.76,40.41,"1212910",1801826,27.83,41.34,"990565",1526561,24.9,38.37,"1295","2208","26530","38216"
2021-04-18,2258911,3396536,27.1,40.74,"1227393",1815312,28.16,41.65,"1003472",1540315,25.22,38.72,"1305","2249","26741","38660"
2021-04-19,2293119,3433181,27.51,41.18,"1245206",1833745,28.57,42.07,"1019634",1557969,25.63,39.16,"1320","2290","26959","39177"
2021-04-20,2330615,3472656,27.96,41.65,"1264788",1853844,29.02,42.54,"1037291",1576806,26.07,39.63,"1333","2338","27203","39668"
2021-04-21,2373625,3509957,28.47,42.1,"1286995",1872429,29.53,42.96,"1057778",1595158,26.59,40.1,"1354","2364","27498","40006"
2021-04-22,2419628,3546868,29.02,42.54,"1310791",1890975,30.08,43.39,"1079617",1613229,27.14,40.55,"1377","2388","27843","40276"
2021-04-23,2461615,3584884,29.53,43,"1333096",1910626,30.59,43.84,"1098964",1631259,27.62,41,"1403","2417","28152","40582"
2021-04-24,2501765,3616202,30.01,43.38,"1353802",1926184,31.06,44.19,"1118055",1646758,28.1,41.39,"1433","2437","28475","40823"
2021-04-25,2532165,3634471,30.37,43.6,"1368914",1934845,31.41,44.39,"1133067",1656158,28.48,41.63,"1459","2458","28725","41010"
2021-04-26,2572726,3661977,30.86,43.93,"1389716",1948656,31.89,44.71,"1152480",1669584,28.97,41.97,"1484","2484","29046","41253"
2021-04-27,2620370,3691739,31.43,44.28,"1414413",1963462,32.45,45.05,"1175113",1684290,29.54,42.34,"1515","2501","29329","41486"
2021-04-28,2677990,3720362,32.12,44.63,"1444048",1977938,33.13,45.38,"1202276",1698208,30.22,42.69,"1576","2512","30090","41704"
2021-04-29,2735371,3750488,32.81,44.99,"1473511",1992786,33.81,45.72,"1229377",1713211,30.9,43.06,"1644","2532","30839","41959"
2021-04-30,2788175,3782190,33.44,45.37,"1501081",2009121,34.44,46.1,"1253839",1728266,31.52,43.44,"1704","2540","31551","42263"
2021-05-01,2832839,3805737,33.98,45.65,"1523856",2020615,34.96,46.36,"1275111",1740039,32.05,43.74,"1745","2550","32127","42533"
2021-05-02,2869530,3818720,34.42,45.81,"1542053",2026617,35.38,46.5,"1292924",1746831,32.5,43.91,"1811","2561","32742","42711"
2021-05-03,2923006,3838962,35.06,46.05,"1569389",2036533,36.01,46.73,"1318302",1756841,33.14,44.16,"1894","2573","33421","43015"
2021-05-04,2980926,3863676,35.76,46.34,"1598813",2048869,36.68,47.01,"1345996",1768979,33.83,44.46,"1959","2584","34158","43244"
2021-05-05,3030754,3887188,36.35,46.63,"1624447",2060657,37.27,47.28,"1369497",1780428,34.42,44.75,"2017","2593","34793","43510"
2021-05-06,3081669,3910112,36.96,46.9,"1650807",2072102,37.88,47.54,"1393363",1791625,35.02,45.03,"2050","2602","35449","43783"
2021-05-07,3135176,3933798,37.61,47.19,"1678389",2084251,38.51,47.82,"1418590",1802880,35.66,45.32,"2094","2608","36103","44059"
2021-05-08,3177437,3952082,38.11,47.41,"1699748",2093027,39,48.02,"1438886",1812141,36.17,45.55,"2148","2625","36655","44289"
2021-05-09,3207140,3961253,38.47,47.52,"1714172",2097220,39.33,48.12,"1453635",1816952,36.54,45.67,"2191","2631","37142","44450"
2021-05-10,3247314,3977846,38.95,47.71,"1734382",2105457,39.79,48.31,"1472982",1825100,37.02,45.87,"2236","2638","37714","44651"
2021-05-11,3291723,3999874,39.48,47.98,"1756803",2116819,40.31,48.57,"1494385",1835537,37.56,46.14,"2285","2647","38250","44871"
2021-05-12,3334086,4020828,39.99,48.23,"1777845",2127467,40.79,48.81,"1515236",1845695,38.09,46.39,"2311","2652","38694","45014"
2021-05-13,3375931,4048200,40.49,48.56,"1798443",2141300,41.26,49.13,"1536058",1859037,38.61,46.73,"2338","2669","39092","45194"
2021-05-14,3420485,4077776,41.03,48.91,"1821008",2156367,41.78,49.48,"1557647",1873391,39.15,47.09,"2365","2680","39465","45338"
2021-05-15,3457646,4103845,41.47,49.23,"1839195",2169079,42.2,49.77,"1576269",1886541,39.62,47.42,"2387","2691","39795","45534"
2021-05-16,3478908,4120832,41.73,49.43,"1849222",2177151,42.43,49.95,"1587245",1895292,39.9,47.64,"2410","2707","40031","45682"
2021-05-17,3510500,4146007,42.11,49.73,"1864625",2189596,42.78,50.24,"1603083",1907837,40.29,47.95,"2433","2711","40359","45863"
2021-05-18,3544821,4173629,42.52,50.06,"1881404",2203359,43.17,50.55,"1620269",1921523,40.73,48.3,"2449","2719","40699","46028"
2021-05-19,3576469,4200159,42.9,50.38,"1897138",2216758,43.53,50.86,"1635953",1934545,41.12,48.63,"2457","2726","40921","46130"
2021-05-20,3608931,4226774,43.29,50.7,"1913142",2230242,43.9,51.17,"1652125",1947572,41.53,48.95,"2477","2736","41187","46224"
2021-05-21,3643161,4254043,43.7,51.03,"1930607",2244394,44.3,51.5,"1668578",1960585,41.94,49.28,"2490","2748","41486","46316"
2021-05-22,3669589,4276120,44.02,51.29,"1943557",2255489,44.59,51.75,"1681762",1971468,42.27,49.55,"2498","2759","41772","46404"
2021-05-23,3684497,4288366,44.2,51.44,"1950544",2261381,44.75,51.89,"1689465",1977737,42.47,49.71,"2507","2764","41981","46484"
2021-05-24,3709791,4309579,44.5,51.69,"1963007",2272037,45.04,52.13,"1701989",1988192,42.78,49.97,"2519","2776","42276","46574"
2021-05-25,3735249,4331334,44.8,51.95,"1975552",2283220,45.33,52.39,"1714651",1998642,43.1,50.24,"2530","2781","42516","46691"
2021-05-26,3758535,4352505,45.08,52.21,"1987296",2294003,45.6,52.63,"1725899",2008909,43.38,50.49,"2540","2792","42800","46801"
2021-05-27,3781716,4373104,45.36,52.46,"1998822",2304671,45.86,52.88,"1737320",2018744,43.67,50.74,"2549","2799","43025","46890"
2021-05-28,3806741,4393254,45.66,52.7,"2011598",2315177,46.15,53.12,"1749324",2028285,43.97,50.98,"2556","2810","43263","46982"
2021-05-29,3825790,4407489,45.89,52.87,"2020827",2322068,46.37,53.28,"1759027",2035574,44.21,51.17,"2567","2814","43369","47033"
2021-05-30,3835727,4415447,46.01,52.96,"2025522",2325847,46.47,53.36,"1764123",2039719,44.34,51.27,"2573","2814","43509","47067"
2021-05-31,3843534,4421014,46.1,53.03,"2029386",2328389,46.56,53.42,"1768007",2042700,44.44,51.34,"2579","2817","43562","47108"
2021-06-01,3870506,4439216,46.43,53.25,"2043263",2337667,46.88,53.64,"1780962",2051549,44.77,51.57,"2593","2822","43688","47178"
2021-06-02,3892652,4456643,46.69,53.46,"2054725",2346609,47.14,53.84,"1791542",2059962,45.03,51.78,"2598","2824","43787","47248"
2021-06-03,3918102,4473593,47,53.66,"2067823",2355295,47.44,54.04,"1803782",2068162,45.34,51.98,"2612","2827","43885","47309"
2021-06-04,3945761,4490630,47.33,53.87,"2082256",2364219,47.78,54.25,"1816877",2076209,45.67,52.19,"2622","2829","44006","47373"
2021-06-05,3969092,4503294,47.61,54.02,"2093911",2370555,48.04,54.39,"1828398",2082465,45.96,52.34,"2632","2829","44151","47445"
2021-06-06,3984013,4510791,47.79,54.11,"2101239",2374275,48.21,54.48,"1835877",2086207,46.15,52.44,"2644","2832","44253","47477"
2021-06-07,4007713,4524710,48.07,54.27,"2113313",2381329,48.49,54.64,"1847383",2093030,46.43,52.61,"2650","2833","44367","47518"
2021-06-08,4033591,4539411,48.38,54.45,"2126580",2388939,48.79,54.81,"1859887",2100077,46.75,52.79,"2656","2836","44468","47559"
2021-06-09,4058520,4552697,48.68,54.61,"2139457",2395741,49.09,54.97,"1871840",2106479,47.05,52.95,"2665","2845","44558","47632"
2021-06-10,4082782,4566935,48.97,54.78,"2152065",2403226,49.38,55.14,"1883374",2113161,47.34,53.12,"2672","2850","44671","47698"
2021-06-11,4110048,4581932,49.3,54.96,"2166461",2410999,49.71,55.32,"1896143",2120278,47.66,53.29,"2680","2856","44764","47799"
2021-06-12,4131010,4593715,49.55,55.1,"2177144",2417013,49.95,55.46,"1906330",2125996,47.92,53.44,"2690","2861","44846","47845"
2021-06-13,4143029,4598957,49.7,55.16,"2183006",2419517,50.09,55.51,"1912345",2128673,48.07,53.51,"2694","2869","44984","47898"
2021-06-14,4164101,4611018,49.95,55.31,"2193715",2425547,50.33,55.65,"1922514",2134634,48.32,53.66,"2704","2875","45168","47962"
2021-06-15,4186954,4624680,50.22,55.47,"2205545",2432582,50.6,55.81,"1933426",2141194,48.6,53.82,"2708","2886","45275","48018"
2021-06-16,4208076,4637972,50.48,55.63,"2216504",2439523,50.86,55.97,"1943478",2147451,48.85,53.98,"2713","2896","45381","48102"
2021-06-17,4228434,4650716,50.72,55.79,"2227247",2446263,51.1,56.13,"1952986",2153393,49.09,54.13,"2719","2901","45482","48159"
2021-06-18,4248855,4664713,50.96,55.95,"2238105",2453666,51.35,56.3,"1962459",2159908,49.33,54.29,"2730","2908","45561","48231"
2021-06-19,4263789,4674633,51.14,56.07,"2245490",2458644,51.52,56.41,"1969941",2164779,49.52,54.41,"2737","2916","45621","48294"
2021-06-20,4271777,4679754,51.24,56.13,"2249320",2461163,51.61,56.47,"1974068",2167352,49.62,54.48,"2741","2920","45648","48319"
2021-06-21,4283430,4691646,51.38,56.28,"2255076",2467281,51.74,56.61,"1979883",2173064,49.77,54.62,"2746","2926","45725","48375"
2021-06-22,4300582,4703054,51.59,56.41,"2263895",2473203,51.94,56.75,"1988150",2178476,49.97,54.76,"2750","2933","45787","48442"
2021-06-23,4317502,4714982,51.79,56.56,"2272662",2479401,52.14,56.89,"1996231",2184130,50.18,54.9,"2758","2939","45851","48512"
2021-06-24,4333708,4726153,51.98,56.69,"2281061",2485308,52.34,57.02,"2003968",2189332,50.37,55.03,"2763","2940","45916","48573"
2021-06-25,4349664,4738178,52.17,56.83,"2289450",2491620,52.53,57.17,"2011485",2194994,50.56,55.17,"2764","2945","45965","48619"
2021-06-26,4361310,4747117,52.31,56.94,"2295305",2496153,52.66,57.27,"2017224",2199349,50.7,55.28,"2764","2945","46017","48670"
2021-06-27,4367979,4752736,52.39,57.01,"2298621",2498945,52.74,57.34,"2020546",2202130,50.79,55.35,"2770","2953","46042","48708"
2021-06-28,4379749,4763127,52.54,57.13,"2304756",2504336,52.88,57.46,"2026133",2207075,50.93,55.48,"2775","2955","46085","48761"
2021-06-29,4393398,4774061,52.7,57.26,"2311874",2510113,53.04,57.59,"2032622",2212191,51.09,55.6,"2777","2959","46125","48798"
2021-06-30,4405605,4784570,52.85,57.39,"2318191",2515705,53.19,57.72,"2038457",2217062,51.24,55.73,"2783","2963","46174","48840"
2021-07-01,4417707,4795158,52.99,57.52,"2324496",2521298,53.33,57.85,"2044209",2221999,51.38,55.85,"2785","2966","46217","48895"
2021-07-02,4430482,4806335,53.14,57.65,"2331239",2527273,53.49,57.99,"2050168",2227143,51.53,55.98,"2792","2972","46283","48947"
2021-07-03,4440030,4814571,53.26,57.75,"2336007",2531470,53.6,58.08,"2054922",2231147,51.65,56.08,"2793","2973","46308","48981"
2021-07-04,4441897,4816350,53.28,57.77,"2336880",2532300,53.62,58.1,"2055881",2232058,51.68,56.1,"2793","2974","46343","49018"
2021-07-05,4450267,4824158,53.38,57.87,"2341010",2536289,53.71,58.19,"2060059",2235829,51.78,56.2,"2800","2977","46398","49063"
2021-07-06,4464325,4834903,53.55,57.99,"2348382",2541972,53.88,58.32,"2066696",2240848,51.95,56.32,"2809","2980","46438","49103"
2021-07-07,4476747,4844822,53.7,58.11,"2354864",2547221,54.03,58.44,"2072577",2245457,52.1,56.44,"2818","2984","46488","49160"
2021-07-08,4488039,4854227,53.83,58.23,"2360856",2552341,54.17,58.56,"2077818",2249687,52.23,56.55,"2823","2985","46542","49214"
2021-07-09,4500142,4863852,53.98,58.34,"2367374",2557529,54.32,58.68,"2083359",2254070,52.37,56.66,"2827","2992","46582","49261"
2021-07-10,4509925,4872006,54.1,58.44,"2372308",2561720,54.43,58.78,"2088159",2258000,52.49,56.76,"2833","2997","46625","49289"
2021-07-11,4515135,4876724,54.16,58.5,"2374857",2564060,54.49,58.83,"2090756",2260323,52.55,56.81,"2839","2999","46683","49342"
2021-07-12,4526026,4886281,54.29,58.61,"2380536",2569107,54.62,58.95,"2095928",2264786,52.68,56.93,"2845","3005","46717","49383"
2021-07-13,4536485,4896720,54.42,58.74,"2386014",2574710,54.75,59.07,"2100842",2269546,52.81,57.05,"2854","3010","46775","49454"
2021-07-14,4546915,4906619,54.54,58.85,"2391540",2580014,54.87,59.2,"2105681",2274071,52.93,57.16,"2858","3012","46836","49522"
2021-07-15,4557052,4916328,54.66,58.97,"2397031",2585299,55,59.32,"2110271",2278426,53.04,57.27,"2859","3013","46891","49590"
2021-07-16,4567808,4926470,54.79,59.09,"2402776",2590735,55.13,59.44,"2115233",2283083,53.17,57.39,"2864","3018","46935","49634"
2021-07-17,4576090,4934172,54.89,59.19,"2406958",2594647,55.23,59.53,"2119299",2286836,53.27,57.48,"2867","3019","46966","49670"
2021-07-18,4580994,4938882,54.95,59.24,"2409322",2596991,55.28,59.59,"2121797",2289142,53.33,57.54,"2873","3021","47002","49728"
2021-07-19,4590526,4948949,55.06,59.36,"2414239",2602316,55.39,59.71,"2126361",2293791,53.45,57.66,"2876","3024","47050","49818"
2021-07-20,4600314,4960544,55.18,59.5,"2419348",2608425,55.51,59.85,"2131007",2299227,53.56,57.79,"2878","3028","47081","49864"
2021-07-21,4610043,4971490,55.3,59.63,"2424603",2614265,55.63,59.98,"2135448",2304269,53.68,57.92,"2879","3031","47113","49925"
2021-07-22,4619650,4983126,55.41,59.77,"2429706",2620513,55.75,60.13,"2139893",2309603,53.79,58.05,"2882","3033","47169","49977"
2021-07-23,4629596,4995334,55.53,59.92,"2435040",2627024,55.87,60.28,"2144447",2315231,53.9,58.19,"2888","3033","47221","50046"
2021-07-24,4637117,5003388,55.62,60.02,"2438919",2631059,55.96,60.37,"2148049",2319191,53.99,58.29,"2889","3034","47260","50104"
2021-07-25,4639717,5009408,55.65,60.09,"2440157",2634066,55.99,60.44,"2149396",2322167,54.03,58.37,"2890","3036","47274","50139"
2021-07-26,4647584,5021069,55.75,60.23,"2444305",2640246,56.08,60.58,"2153086",2327582,54.12,58.5,"2891","3039","47302","50202"
2021-07-27,4657054,5033917,55.86,60.38,"2449402",2647129,56.2,60.74,"2157420",2333483,54.23,58.65,"2896","3045","47336","50260"
2021-07-28,4666042,5046695,55.97,60.54,"2454155",2653960,56.31,60.89,"2161593",2339334,54.33,58.8,"2899","3049","47395","50352"
2021-07-29,4674381,5058487,56.07,60.68,"2458668",2660205,56.41,61.04,"2165371",2344800,54.43,58.94,"2902","3061","47440","50421"
2021-07-30,4683634,5074410,56.18,60.87,"2463528",2668589,56.52,61.23,"2169715",2352199,54.54,59.12,"2907","3074","47484","50548"
2021-07-31,4690845,5084750,56.27,60.99,"2467182",2673737,56.61,61.35,"2173226",2357309,54.63,59.25,"2912","3084","47525","50620"
2021-08-01,4694799,5091739,56.31,61.08,"2469136",2677226,56.65,61.43,"2175211",2360737,54.67,59.34,"2913","3089","47539","50687"
2021-08-02,4702860,5105906,56.41,61.25,"2473315",2684491,56.75,61.59,"2179053",2367540,54.77,59.51,"2914","3102","47578","50773"
2021-08-03,4712596,5122159,56.53,61.44,"2478439",2692778,56.87,61.78,"2183605",2375354,54.89,59.71,"2916","3108","47636","50919"
2021-08-04,4722128,5140422,56.64,61.66,"2483477",2701984,56.98,62,"2188043",2384264,55,59.93,"2919","3117","47689","51057"
2021-08-05,4731353,5159197,56.75,61.88,"2488435",2711519,57.1,62.21,"2192231",2393365,55.1,60.16,"2921","3134","47766","51179"
2021-08-06,4740871,5178394,56.87,62.11,"2493456",2721456,57.21,62.44,"2196682",2402511,55.21,60.39,"2925","3144","47808","51283"
2021-08-07,4747752,5192585,56.95,62.28,"2496858",2728436,57.29,62.6,"2200120",2409588,55.3,60.57,"2927","3158","47847","51403"
2021-08-08,4751943,5202123,57,62.4,"2498948",2733049,57.34,62.71,"2202186",2414444,55.35,60.69,"2927","3165","47882","51465"
2021-08-09,4761457,5224287,57.11,62.67,"2503986",2744208,57.45,62.96,"2206597",2425327,55.46,60.96,"2930","3179","47944","51573"
2021-08-10,4771718,5243915,57.24,62.9,"2509449",2754060,57.58,63.19,"2211356",2434966,55.58,61.2,"2933","3185","47980","51704"
2021-08-11,4780919,5260133,57.35,63.1,"2514290",2762290,57.69,63.38,"2215655",2442833,55.69,61.4,"2937","3193","48037","51817"
2021-08-12,4790826,5275963,57.47,63.29,"2519695",2770331,57.81,63.56,"2220116",2450511,55.8,61.59,"2938","3200","48077","51921"
2021-08-13,4800957,5291680,57.59,63.47,"2525146",2778245,57.94,63.74,"2224741",2458182,55.92,61.79,"2940","3207","48130","52046"
2021-08-14,4808039,5302574,57.67,63.6,"2528793",2783707,58.02,63.87,"2228145",2463545,56.01,61.92,"2942","3212","48159","52110"
2021-08-15,4813281,5309729,57.74,63.69,"2531377",2787159,58.08,63.95,"2230759",2467193,56.07,62.01,"2944","3219","48201","52158"
2021-08-16,4823705,5326308,57.86,63.89,"2536916",2795312,58.21,64.14,"2235583",2475503,56.19,62.22,"2948","3230","48258","52263"
2021-08-17,4835475,5345063,58,64.11,"2543082",2804775,58.35,64.35,"2241135",2484636,56.33,62.45,"2952","3244","48306","52408"
2021-08-18,4846987,5363441,58.14,64.33,"2549315",2814007,58.49,64.57,"2246327",2493670,56.46,62.68,"2959","3255","48386","52509"
2021-08-19,4857736,5380676,58.27,64.54,"2554950",2822640,58.62,64.76,"2251379",2502163,56.59,62.89,"2966","3270","48441","52603"
2021-08-20,4870468,5397892,58.42,64.75,"2561781",2831496,58.78,64.97,"2257195",2510371,56.74,63.1,"2969","3277","48523","52748"
2021-08-21,4879422,5409812,58.53,64.89,"2566200",2837191,58.88,65.1,"2261648",2516491,56.85,63.25,"2974","3284","48600","52846"
2021-08-22,4883676,5414120,58.58,64.94,"2568367",2839206,58.93,65.14,"2263697",2518762,56.9,63.31,"2976","3285","48636","52867"
2021-08-23,4896535,5430488,58.73,65.14,"2574939",2847251,59.08,65.33,"2269881",2526978,57.05,63.52,"2981","3295","48734","52964"
2021-08-24,4910112,5448101,58.9,65.35,"2582048",2856105,59.24,65.53,"2276240",2535614,57.21,63.73,"2986","3299","48838","53083"
2021-08-25,4923484,5463539,59.06,65.54,"2588961",2863821,59.4,65.71,"2282600",2543224,57.37,63.93,"2991","3310","48932","53184"
2021-08-26,4938447,5480344,59.24,65.74,"2596812",2872439,59.58,65.91,"2289616",2551310,57.55,64.13,"3001","3317","49018","53278"
2021-08-27,4954141,5495868,59.42,65.92,"2605160",2880465,59.77,66.09,"2296848",2558672,57.73,64.31,"3011","3327","49122","53404"
2021-08-28,4966542,5507251,59.57,66.06,"2611377",2886114,59.92,66.22,"2302931",2564319,57.89,64.46,"3018","3333","49216","53485"
2021-08-29,4974524,5514810,59.67,66.15,"2615341",2889873,60.01,66.31,"2306879",2568078,57.98,64.55,"3029","3336","49275","53523"
2021-08-30,4992579,5531283,59.89,66.35,"2624648",2898248,60.22,66.5,"2315542",2576085,58.2,64.75,"3033","3342","49356","53608"
2021-08-31,5009433,5547425,60.09,66.54,"2633347",2906450,60.42,66.69,"2323611",2583899,58.41,64.95,"3039","3351","49436","53725"
2021-09-01,5024361,5563007,60.27,66.73,"2640912",2914187,60.59,66.86,"2330871",2591619,58.59,65.14,"3044","3354","49534","53847"
2021-09-02,5037664,5578019,60.43,66.91,"2647783",2922112,60.75,67.05,"2337226",2598622,58.75,65.32,"3047","3356","49608","53929"
2021-09-03,5052969,5593661,60.61,67.1,"2655644",2930541,60.93,67.24,"2344523",2605717,58.93,65.5,"3053","3361","49749","54042"
2021-09-04,5063131,5603755,60.73,67.22,"2660760",2935632,61.05,67.36,"2349515",2610668,59.06,65.62,"3060","3367","49796","54088"
2021-09-05,5069150,5610848,60.8,67.3,"2663661",2939103,61.12,67.44,"2352597",2614254,59.13,65.71,"3065","3373","49827","54118"
2021-09-06,5073996,5616254,60.86,67.37,"2665952",2941680,61.17,67.49,"2355104",2617003,59.2,65.78,"3066","3378","49874","54193"
2021-09-07,5092479,5632353,61.08,67.56,"2675424",2950055,61.39,67.69,"2363990",2624548,59.42,65.97,"3078","3390","49987","54360"
2021-09-08,5108110,5649088,61.27,67.76,"2683403",2958834,61.57,67.89,"2371566",2632381,59.61,66.17,"3085","3401","50056","54472"
2021-09-09,5123832,5665902,61.46,67.96,"2691558",2967610,61.76,68.09,"2379025",2640279,59.8,66.36,"3094","3409","50155","54604"
2021-09-10,5140253,5685037,61.66,68.19,"2700318",2977877,61.96,68.33,"2386553",2648994,59.99,66.58,"3104","3412","50278","54754"
2021-09-11,5151611,5698465,61.79,68.35,"2706040",2984736,62.09,68.48,"2392089",2655430,60.13,66.75,"3107","3417","50375","54882"
2021-09-12,5157402,5707682,61.86,68.46,"2708770",2989218,62.15,68.59,"2395123",2660091,60.2,66.86,"3109","3421","50400","54952"
2021-09-13,5171276,5725290,62.03,68.67,"2715682",2997934,62.31,68.79,"2402025",2668833,60.38,67.08,"3112","3431","50457","55092"
2021-09-14,5185777,5742089,62.2,68.88,"2723093",3006319,62.48,68.98,"2409038",2677119,60.55,67.29,"3118","3437","50528","55214"
2021-09-15,5199285,5758007,62.37,69.07,"2730095",3014407,62.64,69.16,"2415462",2684879,60.71,67.49,"3125","3447","50603","55274"
2021-09-16,5214192,5774116,62.54,69.26,"2737719",3022392,62.82,69.35,"2422640",2692792,60.89,67.68,"3134","3460","50699","55472"
2021-09-17,5228888,5789068,62.72,69.44,"2745627",3030384,63,69.53,"2429344",2699647,61.06,67.86,"3140","3469","50777","55568"
2021-09-18,5239922,5799802,62.85,69.57,"2751144",3035765,63.12,69.65,"2434792",2704921,61.2,67.99,"3143","3476","50843","55640"
2021-09-19,5246533,5806398,62.93,69.65,"2754493",3038929,63.2,69.73,"2438014",2708294,61.28,68.07,"3145","3481","50881","55694"
2021-09-20,5260289,5819919,63.1,69.81,"2761557",3045904,63.36,69.89,"2444636",2714762,61.45,68.24,"3153","3488","50943","55765"
2021-09-21,5274052,5832914,63.26,69.97,"2768646",3052556,63.52,70.04,"2451226",2721013,61.61,68.39,"3159","3498","51021","55847"
2021-09-22,5286994,5846403,63.42,70.13,"2775255",3059653,63.68,70.2,"2457445",2727267,61.77,68.55,"3164","3503","51130","55980"
2021-09-23,5301278,5862566,63.59,70.32,"2782845",3068745,63.85,70.41,"2464040",2734225,61.93,68.73,"3167","3514","51226","56082"
2021-09-24,5316200,5880337,63.77,70.53,"2791077",3079157,64.04,70.65,"2470624",2741420,62.1,68.91,"3175","3524","51324","56236"
2021-09-25,5326279,5891791,63.89,70.67,"2796279",3085477,64.16,70.79,"2475431",2746462,62.22,69.03,"3181","3533","51388","56319"
2021-09-26,5332821,5898797,63.97,70.76,"2799564",3089324,64.23,70.88,"2478648",2749551,62.3,69.11,"3187","3541","51422","56381"
2021-09-27,5341996,5913878,64.08,70.94,"2804217",3097649,64.34,71.07,"2483091",2756206,62.41,69.28,"3190","3547","51498","56476"
2021-09-28,5354526,5925582,64.23,71.08,"2810810",3103809,64.49,71.21,"2488932",2761661,62.56,69.42,"3194","3553","51590","56559"
2021-09-29,5367830,5938068,64.39,71.23,"2817939",3110796,64.66,71.38,"2495000",2767027,62.71,69.55,"3202","3559","51689","56686"
2021-09-30,5381514,5951282,64.55,71.39,"2825361",3118345,64.83,71.55,"2501151",2772564,62.87,69.69,"3206","3566","51796","56807"
2021-10-01,5396116,5964936,64.73,71.55,"2833385",3126264,65.01,71.73,"2507637",2778183,63.03,69.83,"3207","3572","51887","56917"
2021-10-02,5406937,5973248,64.86,71.65,"2838939",3130564,65.14,71.83,"2512800",2782122,63.16,69.93,"3211","3585","51987","56977"
2021-10-03,5413689,5978728,64.94,71.71,"2842349",3133432,65.22,71.89,"2516097",2784691,63.24,69.99,"3216","3588","52027","57017"
2021-10-04,5425553,5989351,65.08,71.84,"2848589",3139370,65.36,72.03,"2521628",2789267,63.38,70.11,"3223","3597","52113","57117"
2021-10-05,5438080,6000333,65.23,71.97,"2855138",3145605,65.51,72.17,"2527517",2793904,63.53,70.23,"3231","3606","52194","57218"
2021-10-06,5449935,6010955,65.37,72.1,"2861369",3151719,65.65,72.31,"2533064",2798323,63.67,70.34,"3238","3609","52264","57304"
2021-10-07,5462789,6021182,65.53,72.22,"2868123",3157425,65.81,72.44,"2539032",2802772,63.82,70.45,"3249","3615","52385","57370"
2021-10-08,5475719,6031284,65.68,72.35,"2875248",3162988,65.97,72.57,"2544744",2807212,63.96,70.56,"3259","3618","52468","57466"
2021-10-09,5484617,6037958,65.79,72.43,"2879800",3166376,66.08,72.65,"2549034",2810469,64.07,70.64,"3263","3625","52520","57488"
2021-10-10,5490054,6041793,65.85,72.47,"2882415",3168222,66.14,72.69,"2551812",2812444,64.14,70.69,"3266","3628","52561","57499"
2021-10-11,5500117,6049896,65.97,72.57,"2887680",3172394,66.26,72.79,"2556567",2816343,64.26,70.79,"3269","3631","52601","57528"
2021-10-12,5511908,6058621,66.12,72.67,"2893898",3176914,66.4,72.89,"2562063",2820492,64.4,70.89,"3276","3640","52671","57575"
2021-10-13,5522725,6066361,66.25,72.77,"2899684",3180857,66.53,72.98,"2567007",2824206,64.52,70.99,"3284","3643","52750","57655"
2021-10-14,5534431,6074284,66.39,72.86,"2906173",3184948,66.68,73.08,"2572133",2827939,64.65,71.08,"3292","3652","52833","57745"
2021-10-15,5547072,6082575,66.54,72.96,"2913465",3189269,66.85,73.18,"2577395",2831836,64.78,71.18,"3296","3657","52916","57813"
2021-10-16,5555164,6087829,66.63,73.02,"2917764",3191767,66.95,73.23,"2581140",2834549,64.88,71.25,"3302","3658","52958","57855"
2021-10-17,5560022,6091130,66.69,73.06,"2920368",3193354,67.01,73.27,"2583354",2836239,64.93,71.29,"3304","3661","52996","57876"
2021-10-18,5571351,6098658,66.83,73.15,"2926615",3197166,67.15,73.36,"2588366",2839893,65.06,71.38,"3306","3663","53064","57936"
2021-10-19,5580778,6105686,66.94,73.24,"2931630",3200625,67.26,73.44,"2592717",2843382,65.17,71.47,"3307","3664","53124","58015"
2021-10-20,5590759,6112748,67.06,73.32,"2937214",3204184,67.39,73.52,"2597017",2846821,65.28,71.56,"3310","3667","53218","58076"
2021-10-21,5600761,6120257,67.18,73.41,"2942869",3208032,67.52,73.61,"2601288",2850409,65.38,71.65,"3311","3670","53293","58146"
2021-10-22,5612027,6128827,67.32,73.52,"2949212",3212549,67.67,73.71,"2606136",2854366,65.51,71.75,"3318","3675","53361","58237"
2021-10-23,5619164,6134381,67.4,73.58,"2952956",3215253,67.75,73.77,"2609463",2857172,65.59,71.82,"3326","3677","53419","58279"
2021-10-24,5623776,6138036,67.46,73.63,"2955363",3216957,67.81,73.81,"2611629",2859070,65.64,71.86,"3331","3678","53453","58331"
2021-10-25,5633547,6147239,67.57,73.74,"2960818",3221680,67.93,73.92,"2615870",2863467,65.75,71.97,"3337","3682","53522","58410"
2021-10-26,5642485,6155979,67.68,73.84,"2965589",3225885,68.04,74.02,"2619954",2867874,65.85,72.09,"3342","3688","53600","58532"
2021-10-27,5652179,6167093,67.8,73.97,"2970981",3231328,68.17,74.14,"2624169",2873388,65.96,72.22,"3345","3697","53684","58680"
2021-10-28,5661614,6178712,67.91,74.11,"2976137",3237001,68.29,74.27,"2628375",2879154,66.07,72.37,"3351","3701","53751","58856"
2021-10-29,5671447,6191120,68.03,74.26,"2981370",3243046,68.41,74.41,"2632856",2885295,66.18,72.52,"3354","3707","53867","59072"
2021-10-30,5677317,6196223,68.1,74.32,"2984385",3245423,68.47,74.46,"2635674",2887991,66.25,72.59,"3361","3711","53897","59098"
2021-10-31,5680521,6199221,68.14,74.36,"2985930",3246768,68.51,74.49,"2637312",2889619,66.29,72.63,"3365","3715","53914","59119"
2021-11-01,5688461,6206977,68.23,74.45,"2990238",3250651,68.61,74.58,"2640883",2893364,66.38,72.73,"3366","3721","53974","59241"
2021-11-02,5696028,6214062,68.32,74.54,"2994268",3254217,68.7,74.67,"2644362",2896801,66.47,72.81,"3369","3726","54029","59318"
2021-11-03,5703597,6221563,68.41,74.63,"2998426",3258004,68.8,74.75,"2647718",2900446,66.55,72.9,"3369","3727","54084","59386"
2021-11-04,5710674,6231085,68.5,74.74,"3002352",3262886,68.89,74.86,"2650810",2904966,66.63,73.02,"3373","3734","54139","59499"
2021-11-05,5718334,6242220,68.59,74.88,"3006588",3268625,68.98,75,"2654171",2910227,66.71,73.15,"3376","3741","54199","59627"
2021-11-06,5722953,6252743,68.65,75,"3008947",3273873,69.04,75.12,"2656392",2915405,66.77,73.28,"3377","3745","54237","59720"
2021-11-07,5725722,6259392,68.68,75.08,"3010349",3277110,69.07,75.19,"2657743",2918732,66.8,73.36,"3378","3746","54252","59804"
2021-11-08,5732145,6274412,68.76,75.26,"3013910",3284527,69.15,75.36,"2660538",2926212,66.87,73.55,"3379","3753","54318","59920"
2021-11-09,5738135,6290438,68.83,75.45,"3017108",3292447,69.23,75.54,"2663274",2934114,66.94,73.75,"3382","3768","54371","60109"
2021-11-10,5744047,6307172,68.9,75.65,"3020300",3300742,69.3,75.73,"2665943",2942345,67.01,73.96,"3387","3793","54417","60292"
2021-11-11,5749825,6319235,68.97,75.8,"3023421",3306814,69.37,75.87,"2668556",2948242,67.08,74.11,"3389","3797","54459","60382"
2021-11-12,5756027,6336021,69.04,76,"3026806",3315314,69.45,76.07,"2671304",2956336,67.14,74.31,"3394","3806","54523","60565"
2021-11-13,5760146,6345591,69.09,76.12,"3028884",3320030,69.5,76.18,"2673319",2961100,67.2,74.43,"3397","3813","54546","60648"
2021-11-14,5762693,6351336,69.12,76.18,"3030165",3322777,69.53,76.24,"2674559",2964022,67.23,74.5,"3398","3820","54571","60717"
2021-11-15,5769174,6364522,69.2,76.34,"3033597",3329219,69.6,76.39,"2677551",2970587,67.3,74.67,"3401","3827","54625","60889"
2021-11-16,5775394,6374245,69.28,76.46,"3036802",3334141,69.68,76.5,"2680507",2975297,67.38,74.79,"3405","3830","54680","60977"
2021-11-17,5782323,6384277,69.36,76.58,"3040472",3339219,69.76,76.62,"2683693",2980143,67.46,74.91,"3408","3835","54750","61080"
2021-11-18,5789209,6394812,69.44,76.71,"3044120",3344625,69.85,76.74,"2686865",2985147,67.54,75.03,"3408","3839","54816","61201"
2021-11-19,5796057,6406481,69.52,76.85,"3047768",3350638,69.93,76.88,"2689988",2990706,67.61,75.17,"3413","3844","54888","61293"
2021-11-20,5799772,6415551,69.57,76.95,"3049560",3355009,69.97,76.98,"2691889",2995308,67.66,75.29,"3413","3846","54910","61388"
2021-11-21,5801804,6420089,69.59,77.01,"3050518",3357256,69.99,77.03,"2692929",2997496,67.69,75.34,"3414","3849","54943","61488"
2021-11-22,5808048,6430381,69.67,77.13,"3053733",3362412,70.07,77.15,"2695882",3002540,67.76,75.47,"3416","3858","55017","61571"
2021-11-23,5813303,6439962,69.73,77.25,"3056420",3367240,70.13,77.26,"2698398",3007207,67.83,75.59,"3421","3864","55064","61651"
2021-11-24,5818504,6448550,69.79,77.35,"3059056",3371471,70.19,77.36,"2700906",3011485,67.89,75.7,"3425","3869","55117","61725"
2021-11-25,5818903,6449033,69.8,77.36,"3059255",3371708,70.19,77.36,"2701105",3011719,67.89,75.7,"3425","3870","55118","61736"
2021-11-26,5825941,6456635,69.88,77.45,"3062806",3375530,70.27,77.45,"2704496",3015401,67.98,75.79,"3428","3875","55211","61829"
2021-11-27,5832603,6462906,69.96,77.52,"3066098",3378598,70.35,77.52,"2707780",3018484,68.06,75.87,"3431","3881","55294","61943"
2021-11-28,5838065,6466802,70.03,77.57,"3068723",3380503,70.41,77.56,"2710555",3020394,68.13,75.92,"3431","3883","55356","62022"
2021-11-29,5848929,6475747,70.16,77.68,"3074179",3384945,70.53,77.67,"2715858",3024721,68.26,76.03,"3437","3894","55455","62187"
2021-11-30,5860330,6485993,70.29,77.8,"3079899",3390036,70.67,77.78,"2721419",3029690,68.4,76.15,"3439","3898","55573","62369"
2021-12-01,5871531,6496861,70.43,77.93,"3085546",3395511,70.8,77.91,"2726845",3034954,68.54,76.29,"3443","3903","55697","62493"
2021-12-02,5882598,6507816,70.56,78.06,"3091100",3401197,70.92,78.04,"2732240",3040101,68.68,76.41,"3448","3910","55810","62608"
2021-12-03,5895492,6520717,70.72,78.22,"3097698",3407808,71.07,78.19,"2738427",3046254,68.83,76.57,"3461","3922","55906","62733"
2021-12-04,5906405,6530221,70.85,78.33,"3103057",3412480,71.2,78.3,"2743861",3050949,68.97,76.69,"3465","3926","56022","62866"
2021-12-05,5911951,6535660,70.91,78.4,"3105690",3415148,71.26,78.36,"2746690",3053622,69.04,76.75,"3470","3931","56101","62959"
2021-12-06,5921987,6547347,71.03,78.54,"3110658",3421058,71.37,78.49,"2751680",3059263,69.16,76.9,"3475","3939","56174","63087"
2021-12-07,5931349,6559137,71.15,78.68,"3115372",3427067,71.48,78.63,"2756227",3064909,69.28,77.04,"3488","3943","56262","63218"
2021-12-08,5940274,6571880,71.25,78.83,"3119873",3433444,71.58,78.78,"2760574",3071140,69.39,77.19,"3492","3951","56335","63345"
2021-12-09,5949234,6584513,71.36,78.98,"3124507",3439880,71.69,78.93,"2764800",3077207,69.49,77.35,"3501","3960","56426","63466"
2021-12-10,5959462,6597867,71.48,79.14,"3129682",3446816,71.81,79.08,"2769764",3083509,69.62,77.51,"3506","3968","56510","63574"
2021-12-11,5967525,6607731,71.58,79.26,"3133546",3451638,71.9,79.2,"2773885",3088439,69.72,77.63,"3509","3974","56585","63680"
2021-12-12,5971361,6613407,71.63,79.33,"3135421",3454419,71.94,79.26,"2775767",3091240,69.77,77.7,"3513","3982","56660","63766"
2021-12-13,5979110,6625138,71.72,79.47,"3139297",3460344,72.03,79.4,"2779554",3096903,69.87,77.84,"3515","3986","56744","63905"
2021-12-14,5986417,6636786,71.81,79.61,"3142941",3466233,72.11,79.53,"2783153",3102534,69.96,77.98,"3518","3994","56805","64025"
2021-12-15,5993085,6648268,71.89,79.75,"3146291",3471885,72.19,79.66,"2786417",3108227,70.04,78.13,"3521","4000","56856","64156"
2021-12-16,5997704,6660481,71.94,79.89,"3148574",3477962,72.24,79.8,"2788691",3114262,70.1,78.28,"3526","4007","56913","64250"
2021-12-17,6004803,6675575,72.03,80.07,"3152187",3485382,72.32,79.97,"2792093",3121785,70.18,78.47,"3527","4015","56996","64393"
2021-12-18,6010513,6688041,72.1,80.22,"3154904",3491342,72.39,80.11,"2795000",3128144,70.25,78.63,"3529","4021","57080","64534"
2021-12-19,6013575,6694773,72.13,80.3,"3156384",3494516,72.42,80.18,"2796544",3131604,70.29,78.71,"3532","4028","57115","64625"
2021-12-20,6019762,6710838,72.21,80.5,"3159392",3502086,72.49,80.35,"2799650",3139943,70.37,78.92,"3535","4042","57185","64767"
2021-12-21,6026716,6728097,72.29,80.7,"3162862",3510095,72.57,80.54,"2803065",3149061,70.46,79.15,"3539","4050","57250","64891"
2021-12-22,6033824,6746102,72.38,80.92,"3166273",3518405,72.65,80.73,"2806682",3158579,70.55,79.39,"3541","4066","57328","65052"
2021-12-23,6040899,6764397,72.46,81.14,"3169655",3526509,72.73,80.91,"2810287",3168528,70.64,79.64,"3543","4084","57414","65276"
2021-12-24,6044324,6773607,72.5,81.25,"3171248",3530425,72.76,81,"2812080",3173731,70.68,79.77,"3545","4087","57451","65364"
2021-12-25,6044415,6773932,72.5,81.25,"3171292",3530560,72.76,81.01,"2812127",3173921,70.68,79.78,"3545","4087","57451","65364"
2021-12-26,6048493,6781834,72.55,81.35,"3173225",3534039,72.81,81.09,"2814216",3178216,70.74,79.89,"3549","4091","57503","65488"
2021-12-27,6058332,6803475,72.67,81.61,"3177919",3543544,72.92,81.3,"2819281",3190153,70.86,80.19,"3557","4109","57575","65669"
2021-12-28,6067047,6823242,72.77,81.84,"3182096",3552548,73.01,81.51,"2823752",3200737,70.98,80.45,"3562","4124","57637","65833"
2021-12-29,6075154,6841157,72.87,82.06,"3186018",3560919,73.1,81.7,"2827868",3210100,71.08,80.69,"3564","4138","57704","66000"
2021-12-30,6082933,6857371,72.96,82.25,"3189845",3568564,73.19,81.88,"2831727",3218441,71.18,80.9,"3567","4147","57794","66219"
2021-12-31,6085887,6862514,73,82.32,"3191289",3570971,73.22,81.93,"2833217",3221156,71.21,80.97,"3569","4148","57812","66239"
2022-01-01,6086035,6862752,73,82.32,"3191358",3571084,73.22,81.94,"2833296",3221280,71.22,80.97,"3569","4149","57812","66239"
2022-01-02,6091012,6869039,73.06,82.39,"3193706",3573834,73.28,82,"2835860",3224671,71.28,81.05,"3573","4153","57873","66381"
2022-01-03,6099837,6883042,73.17,82.56,"3197994",3580128,73.38,82.14,"2840290",3232247,71.39,81.24,"3583","4161","57970","66506"
2022-01-04,6108167,6895864,73.27,82.72,"3202126",3586042,73.47,82.28,"2844411",3239000,71.5,81.41,"3584","4170","58046","66652"
2022-01-05,6115279,6907110,73.35,82.85,"3205579",3591246,73.55,82.4,"2848015",3244921,71.59,81.56,"3585","4175","58100","66768"
2022-01-06,6122874,6918279,73.44,82.98,"3209359",3596639,73.64,82.52,"2851772",3250563,71.68,81.7,"3589","4178","58154","66899"
2022-01-07,6131412,6928452,73.55,83.11,"3213507",3601449,73.73,82.63,"2856110",3255851,71.79,81.84,"3592","4182","58203","66970"
2022-01-08,6139996,6936126,73.65,83.2,"3217672",3605048,73.83,82.72,"2860453",3259836,71.9,81.94,"3593","4184","58278","67058"
2022-01-09,6143878,6940152,73.7,83.25,"3219468",3606890,73.87,82.76,"2862501",3261954,71.95,81.99,"3594","4185","58315","67123"
2022-01-10,6152457,6950206,73.8,83.37,"3223675",3611649,73.97,82.87,"2866813",3267170,72.06,82.12,"3598","4188","58371","67199"
2022-01-11,6160781,6959070,73.9,83.47,"3227658",3615860,74.06,82.96,"2871087",3271742,72.17,82.24,"3601","4190","58435","67278"
2022-01-12,6169522,6967936,74,83.58,"3231829",3620256,74.15,83.06,"2875573",3276148,72.28,82.35,"3610","4192","58510","67340"
2022-01-13,6178562,6976833,74.11,83.69,"3236133",3624607,74.25,83.16,"2880240",3280647,72.4,82.46,"3614","4194","58575","67385"
2022-01-14,6186873,6986788,74.21,83.81,"3240155",3629606,74.34,83.28,"2884459",3285495,72.5,82.58,"3614","4201","58645","67486"
2022-01-15,6191193,6992880,74.26,83.88,"3242151",3632540,74.39,83.35,"2886738",3288595,72.56,82.66,"3615","4203","58689","67542"
2022-01-16,6194526,6995684,74.3,83.91,"3243712",3633877,74.42,83.38,"2888479",3290035,72.6,82.7,"3617","4204","58718","67568"
2022-01-17,6201705,7001761,74.39,83.99,"3246990",3636860,74.5,83.45,"2892328",3293077,72.7,82.77,"3620","4205","58767","67619"
2022-01-18,6212207,7009669,74.52,84.08,"3252029",3640738,74.62,83.53,"2897739",3297041,72.84,82.87,"3622","4209","58817","67681"
2022-01-19,6221683,7016936,74.63,84.17,"3256549",3644479,74.72,83.62,"2902640",3300513,72.96,82.96,"3626","4212","58868","67732"
2022-01-20,6230378,7022965,74.73,84.24,"3260626",3647448,74.81,83.69,"2907213",3303534,73.07,83.04,"3629","4214","58910","67769"
2022-01-21,6238052,7030315,74.83,84.33,"3264295",3651260,74.9,83.78,"2911170",3307016,73.17,83.12,"3631","4216","58956","67823"
2022-01-22,6243019,7035406,74.88,84.39,"3266727",3653742,74.95,83.83,"2913658",3309602,73.24,83.19,"3638","4219","58996","67843"
2022-01-23,6246484,7038138,74.93,84.42,"3268312",3655041,74.99,83.86,"2915499",3311007,73.28,83.22,"3639","4220","59034","67870"
2022-01-24,6255041,7044402,75.03,84.5,"3272326",3658141,75.08,83.93,"2919987",3314145,73.4,83.3,"3641","4221","59087","67895"
2022-01-25,6263165,7050440,75.13,84.57,"3276224",3661140,75.17,84,"2924155",3317129,73.5,83.38,"3643","4222","59143","67949"
2022-01-26,6270554,7056077,75.22,84.64,"3279776",3663979,75.25,84.07,"2927941",3319883,73.6,83.45,"3646","4223","59191","67992"
2022-01-27,6277697,7061216,75.3,84.7,"3283243",3666565,75.33,84.13,"2931554",3322390,73.69,83.51,"3648","4224","59252","68037"
2022-01-28,6285624,7067271,75.4,84.77,"3287128",3669731,75.42,84.2,"2935546",3325242,73.79,83.58,"3652","4227","59298","68071"
2022-01-29,6286344,7068052,75.4,84.78,"3287447",3670130,75.43,84.21,"2935947",3325624,73.8,83.59,"3652","4227","59298","68071"
2022-01-30,6289445,7070088,75.44,84.81,"3288902",3671128,75.46,84.23,"2937566",3326649,73.84,83.62,"3652","4228","59325","68083"
2022-01-31,6296326,7074998,75.52,84.86,"3292110",3673537,75.54,84.29,"2941204",3329123,73.93,83.68,"3656","4228","59356","68110"
2022-02-01,6303067,7079792,75.61,84.92,"3295396",3675932,75.61,84.34,"2944621",3331485,74.01,83.74,"3659","4230","59391","68145"
2022-02-02,6309281,7084029,75.68,84.97,"3298453",3678131,75.68,84.39,"2947754",3333480,74.09,83.79,"3660","4230","59414","68188"
2022-02-03,6315176,7088125,75.75,85.02,"3301356",3680197,75.75,84.44,"2950721",3335476,74.17,83.84,"3660","4232","59439","68220"
2022-02-04,6322395,7092742,75.84,85.08,"3304930",3682598,75.83,84.49,"2954328",3337661,74.26,83.89,"3663","4233","59474","68250"
2022-02-05,6328509,7096292,75.91,85.12,"3307822",3684305,75.9,84.53,"2957510",3339470,74.34,83.94,"3664","4234","59513","68283"
2022-02-06,6330745,7098327,75.94,85.14,"3308849",3685333,75.92,84.56,"2958696",3340461,74.37,83.96,"3665","4235","59535","68298"
2022-02-07,6335677,7102358,76,85.19,"3311274",3687356,75.97,84.6,"2961172",3342451,74.43,84.01,"3668","4236","59563","68315"
2022-02-08,6341420,7106466,76.07,85.24,"3314078",3689404,76.04,84.65,"2964076",3344478,74.5,84.07,"3669","4240","59597","68344"
2022-02-09,6347057,7110635,76.13,85.29,"3316864",3691552,76.1,84.7,"2966870",3346435,74.57,84.11,"3671","4243","59652","68405"
2022-02-10,6352415,7114443,76.2,85.34,"3319495",3693513,76.16,84.75,"2969566",3348257,74.64,84.16,"3672","4243","59682","68430"
2022-02-11,6358407,7118857,76.27,85.39,"3322525",3695851,76.23,84.8,"2972488",3350306,74.71,84.21,"3672","4243","59722","68457"
2022-02-12,6362832,7122096,76.32,85.43,"3324566",3697512,76.28,84.84,"2974846",3351839,74.77,84.25,"3673","4245","59747","68500"
2022-02-13,6364412,7123527,76.34,85.45,"3325319",3698252,76.3,84.85,"2975661",3352518,74.79,84.27,"3673","4245","59759","68512"
2022-02-14,6368126,7126392,76.39,85.48,"3327146",3699657,76.34,84.89,"2977531",3353947,74.84,84.3,"3674","4245","59775","68543"
2022-02-15,6372286,7129737,76.44,85.52,"3329286",3701398,76.39,84.93,"2979521",3355514,74.89,84.34,"3676","4246","59803","68579"
2022-02-16,6376162,7133219,76.48,85.56,"3331240",3703266,76.43,84.97,"2981417",3357092,74.94,84.38,"3678","4251","59827","68610"
2022-02-17,6380231,7137042,76.53,85.61,"3333382",3705334,76.48,85.02,"2983309",3358781,74.99,84.42,"3680","4254","59860","68673"
2022-02-18,6384991,7141233,76.59,85.66,"3335883",3707607,76.54,85.07,"2985538",3360660,75.04,84.47,"3682","4256","59888","68710"
2022-02-19,6387154,7144208,76.61,85.69,"3336926",3709098,76.56,85.1,"2986639",3362105,75.07,84.51,"3682","4259","59907","68746"
2022-02-20,6388642,7145966,76.63,85.72,"3337658",3709990,76.58,85.12,"2987380",3362937,75.09,84.53,"3682","4260","59922","68779"
2022-02-21,6391248,7148875,76.66,85.75,"3339021",3711492,76.61,85.16,"2988608",3364303,75.12,84.56,"3682","4261","59937","68819"
2022-02-22,6395232,7152997,76.71,85.8,"3341120",3713607,76.66,85.21,"2990466",3366280,75.17,84.61,"3684","4263","59962","68847"
2022-02-23,6396657,7154596,76.73,85.82,"3341846",3714408,76.68,85.22,"2991152",3367060,75.18,84.63,"3684","4263","59975","68865"
